Relative Return,Days Since Publish,Ticker
1.001563974802202,0,SW
1.0239053518687629,1,SW
1.0471403192465376,2,SW
1.0965148273350853,3,SW
1.0911528593398512,6,SW
1.1005361967995235,7,SW
1.0690348585446963,8,SW
1.0460232674383276,9,SW
1.0395442476348833,10,SW
1.0723860991949166,13,SW
1.0971850413748934,14,SW
1.091599697108253,15,SW
1.0654602416230703,16,SW
1.0904826453000431,17,SW
1.062332462469846,20,SW
1.0442360015903096,21,SW
1.0017873510736082,22,SW
0.9678284477053649,23,SW
0.9334227065687197,24,SW
0.8945487581992344,27,SW
0.9010277780026786,28,SW
0.8726542189010756,29,SW
0.8782395631677159,30,SW
0.8704200300590655,31,SW
0.8679624649456495,34,SW
0.9014745305454906,35,SW
0.9206881284588273,36,SW
0.9548704933240665,37,SW
0.9586684865170986,38,SW
0.971626526123987,41,SW
0.9609025901335186,42,SW
0.9834674286970755,43,SW
0.9783289221988373,44,SW
1.0127346633354823,45,SW
1.031724799751823,48,SW
1.0475871570149395,49,SW
1.0516086117049677,50,SW
1.0538427153213878,51,SW
1.059428059588028,52,SW
1.0210009489869447,56,SW
1.0180965461051266,57,SW
1.0129580396068885,58,SW
0.999106409688786,59,SW
0.9935210654221458,62,SW
0.9678284477053649,63,SW
0.9564343829006785,64,SW
1.0203486818210423,0,CRWD
1.0477526518328462,1,CRWD
1.0552165313992288,2,CRWD
1.0427948547912804,3,CRWD
1.0499454948249387,4,CRWD
1.0635521279879439,7,CRWD
1.061046045463127,8,CRWD
1.0409697856030022,10,CRWD
1.036856438448224,11,CRWD
1.0295014611609996,14,CRWD
1.0535548987611991,15,CRWD
1.03614815797614,16,CRWD
1.0549986437094012,17,CRWD
1.0438300083638612,18,CRWD
1.068237503068592,21,CRWD
1.0488967076845854,22,CRWD
1.0546989546129384,23,CRWD
1.0615090879783273,25,CRWD
1.064314859599607,28,CRWD
1.0511577185155405,29,CRWD
1.0200218087205453,30,CRWD
1.0090710610648332,31,CRWD
1.0114955084460369,32,CRWD
1.0279759979376735,35,CRWD
1.0053118541460968,36,CRWD
0.9668755013349674,37,CRWD
0.9344864671460529,38,CRWD
0.8307272851667697,39,CRWD
0.7189049285596892,42,CRWD
0.7324434770153426,43,CRWD
0.7031871706797157,44,CRWD
0.6923181412991277,45,CRWD
0.6977935151269838,46,CRWD
0.7050122398679938,49,CRWD
0.6364750477029392,50,CRWD
0.6318714324631709,51,CRWD
0.610787244600255,52,CRWD
0.5935439819311998,53,CRWD
0.6048760538269882,56,CRWD
0.6311359264212973,57,CRWD
0.6283573803698072,58,CRWD
0.6551893224557414,59,CRWD
0.6562244344625668,60,CRWD
0.651974917893085,63,CRWD
0.6758648773772806,64,CRWD
0.6979569516772323,65,CRWD
0.7095886295379725,66,CRWD
0.7151729887764978,67,CRWD
0.7267229483621139,70,CRWD
0.726041935025575,71,CRWD
0.7442385914263314,72,CRWD
0.7290656774681933,73,CRWD
0.7396894688918977,74,CRWD
0.7242440498413311,77,CRWD
0.735031277815284,78,CRWD
0.7196949273068973,79,CRWD
0.7400436091279396,80,CRWD
0.7553255084967471,81,CRWD
0.7262326387113685,85,CRWD
0.7064015336766166,86,CRWD
0.6985289796031019,87,CRWD
0.6711795022966327,88,CRWD
0.6716970790829231,91,CRWD
0.6748569909402449,92,CRWD
0.6785344380181015,93,CRWD
1.0366317652713295,0,KKR
1.0486203680736474,1,KKR
1.0607992338955348,2,KKR
1.0405328467942787,3,KKR
1.0388201892510904,4,KKR
1.0482397694427428,7,KKR
1.051189390684313,8,KKR
1.047098046141795,10,KKR
1.0353948741647139,11,KKR
1.0225499788866848,14,KKR
1.0220742124501123,15,KKR
1.0064700315418484,16,KKR
1.007231228803658,17,KKR
1.0013320589122836,18,KKR
0.9943863335256289,21,KKR
1.0078972582597996,22,KKR
1.0091341493664154,23,KKR
1.009324484977751,25,KKR
0.999714569174763,28,KKR
1.0045671109790908,29,KKR
1.0413891392699897,30,KKR
1.0356803049899508,31,KKR
1.0536631728975447,32,KKR
1.0938154210609186,35,KKR
1.110085631425324,36,KKR
1.08258801552041,37,KKR
1.0933397272161123,38,KKR
1.0956232464097746,39,KKR
1.1215033725771681,42,KKR
1.122359665052879,43,KKR
1.101141817670244,44,KKR
1.110466230056229,45,KKR
1.1275928054881117,46,KKR
1.1284490979638226,49,KKR
1.1416745918727564,50,KKR
1.1745956112324725,51,KKR
1.1393910726790943,52,KKR
1.0334919536019562,53,KKR
1.0107517116957023,56,KKR
1.0428163659879408,57,KKR
1.0351094433394767,58,KKR
1.0730732675230898,59,KKR
1.0834443805878873,60,KKR
1.072216975047379,63,KKR
1.1019029423402875,64,KKR
1.1263558417897297,65,KKR
1.1438630158525174,66,KKR
1.1330162089429137,67,KKR
1.1434824172216125,70,KKR
1.1289248644003953,71,KKR
1.1299714924874418,72,KKR
1.1296860616622049,73,KKR
1.1629876796528256,74,KKR
1.162226482391016,77,KKR
1.1645100015846783,78,KKR
1.1572787727810203,79,KKR
1.1624167454105852,80,KKR
1.1776403276879444,81,KKR
1.1253092137026832,85,KKR
1.1196003794226443,86,KKR
1.12692677603197,87,KKR
1.1059942868828057,88,KKR
1.1271170390515393,91,KKR
1.1233111253342578,92,KKR
1.1058991916689043,93,KKR
1.0070187182768917,0,GDDY
0.993264821498135,1,GDDY
0.9788727709105716,2,GDDY
0.9796525323368945,3,GDDY
0.9750442807777233,4,GDDY
0.978659980854304,7,GDDY
0.971570296498657,8,GDDY
0.9777383954504686,10,GDDY
0.9759659743615569,11,GDDY
0.9812832376282921,14,GDDY
1.0009215854038354,15,GDDY
0.9912797185329537,16,GDDY
0.9942573729807257,17,GDDY
0.9904998489266327,18,GDDY
1.0031903363240415,21,GDDY
1.0133994991049728,22,GDDY
1.018716762371708,23,GDDY
1.0207727232356465,25,GDDY
1.0184331144166832,28,GDDY
1.0236086618859042,29,GDDY
1.0099964809046618,30,GDDY
1.0075859060069432,31,GDDY
1.030343840387769,32,GDDY
1.0406947189662146,35,GDDY
1.0467209939405138,36,GDDY
1.022828792279583,37,GDDY
1.023963059559688,38,GDDY
1.0293512889051784,39,GDDY
1.043459691537717,42,GDDY
1.0469336758167833,43,GDDY
1.0153137441713969,44,GDDY
1.0158808237214503,45,GDDY
1.0184331144166832,46,GDDY
1.0197801717530557,49,GDDY
1.019496631978029,50,GDDY
1.0311945678928474,51,GDDY
1.0025522906952329,52,GDDY
1.072314758791599,53,GDDY
1.0413328727750215,56,GDDY
1.0777738460358468,57,GDDY
1.0830201432238267,58,GDDY
1.111946068376466,59,GDDY
1.1168379678906621,60,GDDY
1.1234314305950126,63,GDDY
1.1342786390047526,64,GDDY
1.1402339479002965,65,GDDY
1.1517192019388451,66,GDDY
1.1598724038558381,67,GDDY
1.1622828705735584,70,GDDY
1.1555476920716934,71,GDDY
1.16930158885045,72,GDDY
1.1515065200625756,73,GDDY
1.1517192019388451,74,GDDY
1.1639134676849578,77,GDDY
1.1678128157165633,78,GDDY
1.1630627401798794,79,GDDY
1.1697270607829873,80,GDDY
1.1868840839420531,81,GDDY
1.1308046547256863,85,GDDY
1.1151364047005075,86,GDDY
1.0847217064139814,87,GDDY
1.0634526533470405,88,GDDY
1.0838000128301477,91,GDDY
1.06104218662932,92,GDDY
1.0639489831783349,93,GDDY
1.0112987526759887,0,VST
0.9930749640173606,1,VST
1.0837079284900195,2,VST
1.1319402373037455,3,VST
1.1349775354135168,4,VST
1.0954926599864894,7,VST
1.1112866472336933,8,VST
1.177378283763432,9,VST
1.13157577636113,10,VST
1.1429960469149845,11,VST
1.1117726260541745,14,VST
1.1449398695059274,15,VST
1.1453043304485429,16,VST
1.1679018358005202,17,VST
1.2404325294924168,18,VST
1.2902441999544703,22,VST
1.2588993539067765,23,VST
1.2801604406751759,24,VST
1.2037420091104112,25,VST
1.132912194944708,28,VST
1.087960219996485,29,VST
1.1177257043958513,30,VST
1.0479893657489765,31,VST
1.0335317970853506,32,VST
1.071801771806666,35,VST
1.1082493491239218,36,VST
1.100230837622454,37,VST
1.0739886301533406,38,VST
1.0641477212478134,39,VST
1.0210181437036498,42,VST
1.06402629606093,43,VST
1.0714373108640505,45,VST
1.0552788626742313,46,VST
1.0719232896845319,49,VST
1.0862593404702918,50,VST
1.0437371669334932,51,VST
1.0596525793675806,52,VST
1.0445876066965898,53,VST
1.0611104231380422,56,VST
1.0654841398313915,57,VST
1.1143239453434646,58,VST
1.0856518437719447,60,VST
1.1284169603734928,63,VST
1.1104362074705965,64,VST
1.1214919243908534,65,VST
1.1129875267598865,66,VST
1.1095857677074998,67,VST
1.0471389259858799,70,VST
1.0432511881130118,71,VST
0.92576842678191,72,VST
0.9300207182883757,73,VST
0.9290487606474132,74,VST
0.9618515431565506,77,VST
0.9727858348899239,78,VST
0.8817884094746498,79,VST
0.8550601304940726,80,VST
0.864050599636503,81,VST
0.8655084434069645,84,VST
0.8382942782968885,85,VST
0.9624590398548978,86,VST
0.9238246041909671,87,VST
0.8799660120705904,88,VST
0.8528732721473979,91,VST
0.9037784181282799,92,VST
0.898432743793968,93,VST
0.9607581603287044,94,VST
0.9554124859943925,95,VST
0.9471510314281752,98,VST
0.9774024946480226,99,VST
0.9628235007975132,100,VST
0.9895516870871081,101,VST
0.9640384015032253,102,VST
0.9809257715782753,105,VST
0.967561678433478,106,VST
0.9996355390573847,107,VST
1.0120277672522018,108,VST
1.0420361947163175,109,VST
1.03122342086081,112,VST
1.0277001439305573,113,VST
1.0023083762245406,114,VST
1.02867210157152,115,VST
1.0379055137786999,116,VST
0.9201798093828486,120,VST
0.9316000799367031,121,VST
0.9212732849016771,122,VST
0.8953954456841966,123,VST
0.9105819362330533,126,VST
0.9243105830114484,127,VST
0.9472725493060411,128,VST
1.0071626821145365,0,GEV
0.9928374260961553,1,GEV
0.9739734890297623,2,GEV
0.8939791679268704,3,GEV
0.8701510653721349,4,GEV
0.921636846865964,7,GEV
0.9373094342084946,8,GEV
0.9812779271506145,9,GEV
0.9685129610979316,10,GEV
0.9502872506920345,11,GEV
0.934330934915489,14,GEV
0.9224169377434673,15,GEV
0.9556060226175496,16,GEV
0.9731225201491014,17,GEV
0.9580881594670667,18,GEV
0.9693639299785927,21,GEV
1.0483654179838162,22,GEV
1.0366640548212678,23,GEV
1.0517694017171522,24,GEV
1.0855259434592643,25,GEV
1.1276505262123628,28,GEV
1.090064624507276,29,GEV
1.0755975042718875,30,GEV
1.090915593387937,31,GEV
1.1790653214923423,32,GEV
1.1994894403137417,35,GEV
1.1868662302673745,36,GEV
1.1630381277126391,37,GEV
1.1800581545900108,38,GEV
1.1862280036068789,39,GEV
1.1455216301810873,42,GEV
1.1745976266581801,43,GEV
1.1904829562208759,44,GEV
1.1800581545900108,45,GEV
1.15325155274227,46,GEV
1.141408433573406,49,GEV
1.162541657058459,50,GEV
1.1619744166118129,51,GEV
1.1465144632787558,52,GEV
1.2582795517177312,53,GEV
1.2629600969827504,57,GEV
1.2574995690509196,58,GEV
1.2416141312775322,59,GEV
1.2474292656465356,60,GEV
1.2082121959725929,63,GEV
1.1562300520352753,64,GEV
1.159421401759138,65,GEV
1.1368697525253941,66,GEV
1.1494220845686034,67,GEV
1.1817602005620247,70,GEV
1.1930359710735507,71,GEV
1.2589178865889188,72,GEV
1.2493440538387148,73,GEV
1.2067938784345937,74,GEV
1.1967945612440594,77,GEV
1.273455884827465,78,GEV
1.2565066277425594,80,GEV
1.2462236903287018,81,GEV
1.2633147034199232,84,GEV
1.286788199537486,85,GEV
1.2765052621236284,86,GEV
1.250124144716218,87,GEV
1.2162967249709482,88,GEV
1.1880009275820504,91,GEV
1.2042408635819188,92,GEV
1.2245939961894687,93,GEV
1.2497695382790452,95,GEV
1.2365789795753401,98,GEV
1.2267215266018132,99,GEV
1.274590473931449,100,GEV
1.2531026440092234,101,GEV
1.279696503636799,102,GEV
1.2583505379315807,105,GEV
1.2959365478473592,106,GEV
1.176015944196179,107,GEV
1.1452380099577644,108,GEV
1.1583575824476198,109,GEV
1.1826111694426857,112,GEV
1.2090632730639457,113,GEV
1.155237218937607,114,GEV
1.134671344109892,115,GEV
1.2276434816963238,116,GEV
1.2201263013553065,119,GEV
1.1538189013996079,120,GEV
1.2640239162942686,121,GEV
1.2341678289396727,122,GEV
1.168215035421147,123,GEV
1.1505567818832794,126,GEV
1.1655202645621563,127,GEV
1.177717990168193,128,GEV
1.2567194781734166,129,GEV
1.2701936571004446,130,GEV
1.2512588420308939,133,GEV
1.2740231252741112,134,GEV
1.3060067430410516,135,GEV
1.3390540719088182,136,GEV
1.3052975301667062,137,GEV
1.3148003767030605,140,GEV
1.3048720457263756,141,GEV
1.3067158477047052,142,GEV
1.3190554375277492,143,GEV
1.2998368940241836,144,GEV
1.2916106090195127,147,GEV
0.9992768900845346,0,SOLV
0.9674620397635428,1,SOLV
0.9239334487322903,2,SOLV
0.9689081492633911,3,SOLV
1.0131597398790264,4,SOLV
0.9690527933127007,7,SOLV
0.9475053535399562,8,SOLV
0.9239334487322903,9,SOLV
0.9135212838036508,10,SOLV
0.9074475577056387,11,SOLV
0.8921185432457573,14,SOLV
0.8958785162102288,15,SOLV
0.892986242044991,16,SOLV
0.9259580240982944,17,SOLV
0.8994938451253908,18,SOLV
0.897613858643155,21,SOLV
0.9182935444511244,22,SOLV
0.9188720103172802,23,SOLV
0.8941431737773027,24,SOLV
0.93174257242877,25,SOLV
0.9531453681522049,28,SOLV
0.9401301619914054,29,SOLV
0.9421547373574095,30,SOLV
0.9420100933080999,31,SOLV
0.9349240795270857,32,SOLV
0.9355025453932415,35,SOLV
0.9480838194061121,36,SOLV
0.9606652037500653,37,SOLV
0.9375271207592456,38,SOLV
0.921764284482518,39,SOLV
0.9130874619868046,42,SOLV
0.9414316274419441,43,SOLV
0.902964529991243,44,SOLV
0.8902386119290628,45,SOLV
0.9020968863575506,46,SOLV
0.8970353927769992,49,SOLV
0.885321762397821,50,SOLV
0.8950108174109951,51,SOLV
0.8666666519558557,52,SOLV
0.8741865427192573,53,SOLV
0.8656543642728536,57,SOLV
0.8636297889068496,58,SOLV
0.8438177467325726,59,SOLV
0.8581344735094519,60,SOLV
0.8250180474068389,63,SOLV
0.8041937727151012,64,SOLV
0.8059291151480273,65,SOLV
0.7960954160855437,66,SOLV
0.815762814210511,67,SOLV
0.8201011978755971,70,SOLV
0.8176428006927468,71,SOLV
0.8121474852953492,72,SOLV
0.7827910321572077,73,SOLV
0.7890094023045294,74,SOLV
0.7900216899875315,77,SOLV
0.7710773466124882,78,SOLV
0.7780187715097341,80,SOLV
0.7570498527686867,81,SOLV
0.741865482358115,84,SOLV
0.7411424276081909,85,SOLV
0.7339117697778671,86,SOLV
0.7422993593405026,87,SOLV
0.7647143875813981,88,SOLV
0.7440347017734287,91,SOLV
0.7462038660232011,92,SOLV
0.7353578792777153,93,SOLV
0.7216196735325332,95,SOLV
0.7178597005680617,98,SOLV
0.694432384644164,99,SOLV
0.696746192943246,100,SOLV
0.7138105498360535,101,SOLV
0.7086044673717338,102,SOLV
0.6973246588094019,105,SOLV
0.7236442488985372,106,SOLV
0.7664497300143243,107,SOLV
0.7950831284025416,108,SOLV
0.7895878130051439,109,SOLV
0.7827910321572077,112,SOLV
0.819088910192595,113,SOLV
0.8400578289336423,114,SOLV
0.8322487052371628,115,SOLV
0.8334056369694743,116,SOLV
0.8292118421881567,119,SOLV
0.8524945692282859,120,SOLV
0.8514822815452839,121,SOLV
0.8396240071167962,122,SOLV
0.8287780203713104,123,SOLV
0.8118582523622713,126,SOLV
0.8308025957373145,127,SOLV
0.8083875674964189,128,SOLV
0.8483007744469682,129,SOLV
0.8762111180852614,130,SOLV
0.8345625135362447,133,SOLV
0.8419378154158781,134,SOLV
0.8355748012192468,135,SOLV
0.8509038156791281,136,SOLV
0.8590021723086856,137,SOLV
0.8597252270586098,140,SOLV
0.8597252270586098,141,SOLV
0.8627620901076158,142,SOLV
0.8643528436567737,143,SOLV
0.8879248036299808,144,SOLV
0.8702819808710176,147,SOLV
0.9971803755028322,0,DECK
0.9759577845867577,1,DECK
0.9814786679438595,2,DECK
0.982425724413136,3,DECK
0.9817046924486993,4,DECK
0.9703615597280428,7,DECK
0.9847718206756655,8,DECK
0.9983426183359144,9,DECK
1.0041433227888075,10,DECK
0.9791217992259991,11,DECK
0.9781101737104402,14,DECK
0.9781101737104402,15,DECK
0.9849117312235611,16,DECK
1.0255488483883979,17,DECK
0.9927249142522409,18,DECK
1.0036483153292104,21,DECK
1.0088786051351901,22,DECK
1.0093629058251592,23,DECK
1.012978903788377,24,DECK
1.0013990397932528,28,DECK
0.9721265345740312,29,DECK
0.9693499342124839,30,DECK
0.9447051181577419,31,DECK
0.9469328487830377,32,DECK
0.9565648032486572,35,DECK
0.9339324000839989,36,DECK
0.8718575056392819,37,DECK
0.8824041992081851,38,DECK
0.876420560071776,39,DECK
0.8775075270889482,42,DECK
0.8759040077015173,43,DECK
0.881618598197466,44,DECK
0.8752690240083216,45,DECK
0.8613646086613299,46,DECK
0.8719543263658537,49,DECK
0.8926280475456767,50,DECK
0.9166056939126366,51,DECK
0.867950914124942,52,DECK
0.8969651431590343,53,DECK
0.8958566312312003,56,DECK
0.8808329315010438,57,DECK
0.881919898518216,58,DECK
0.8960718832807092,59,DECK
0.9065217561230406,60,DECK
0.927518256848572,63,DECK
0.9280886714954855,64,DECK
0.9185105136208174,65,DECK
0.9411859409210962,66,DECK
0.9276689398517987,67,DECK
0.9154864095294716,70,DECK
0.9496879042339231,71,DECK
0.9725354937623871,72,DECK
0.9530994226029629,73,DECK
0.9562634372422042,74,DECK
0.971642233884062,77,DECK
0.9682952845613045,78,DECK
0.960977174677925,79,DECK
0.9735794366439388,80,DECK
1.111601389200075,81,DECK
1.1613646152299002,85,DECK
1.1460611600896558,86,DECK
1.165066661464359,87,DECK
1.177270802383051,88,DECK
1.169360667256393,91,DECK
1.1481165971153597,92,DECK
1.176560477188242,93,DECK
1.1466100298259072,94,DECK
1.123880805934677,95,DECK
1.13533140046583,98,DECK
1.12174983035025,99,DECK
1.1187257919446074,100,DECK
1.1086526266103425,101,DECK
1.1017541826849464,102,DECK
1.095017194218108,105,DECK
1.085223849979634,106,DECK
1.0648299498956024,108,DECK
1.0548213536076199,109,DECK
1.052604395437655,112,DECK
1.0496340879372608,113,DECK
1.0560266862620256,114,DECK
1.0760976754289424,115,DECK
1.0417025392713473,116,DECK
1.0184029007332036,119,DECK
1.0123116684148916,120,DECK
1.0069844921966369,121,DECK
1.0108910837109768,123,DECK
1.0252905722032686,126,DECK
1.0106004901598546,127,DECK
0.9614399304572323,128,DECK
0.9563495511991483,129,DECK
0.9664872855796957,130,DECK
0.9681231223331194,133,DECK
0.982425724413136,134,DECK
0.9574042008503277,135,DECK
0.9544338933499334,136,DECK
0.9376237395488298,137,DECK
0.9512591062553611,140,DECK
0.9496663593232613,141,DECK
0.9105036234532905,142,DECK
0.9056177237893845,143,DECK
0.962871287616478,144,DECK
0.9914119227302289,147,DECK
0.9806607495671477,148,DECK
0.9929293938464188,149,DECK
1.034013441597991,0,SMCI
1.0498844620353105,1,SMCI
1.082483109886309,2,SMCI
1.116227150881256,3,SMCI
1.0972184887060876,4,SMCI
1.03967273407423,7,SMCI
1.1193455245428297,8,SMCI
1.1434744430116097,9,SMCI
1.0876900725231593,10,SMCI
1.0287102560680341,11,SMCI
0.963118376011339,14,SMCI
0.8767757177123436,15,SMCI
0.8628199910520934,16,SMCI
0.9351395431680101,17,SMCI
0.9362271320831328,18,SMCI
1.0036477758060636,21,SMCI
0.9865833095223773,22,SMCI
0.984879670863661,23,SMCI
0.9721174487939124,24,SMCI
0.9982194652685876,28,SMCI
0.9720018990803958,29,SMCI
0.977449477694147,30,SMCI
0.9220307894459817,31,SMCI
0.91243505248436,32,SMCI
0.8936477382098171,35,SMCI
0.87025987700388,36,SMCI
0.8744369374661634,37,SMCI
0.9020981995157603,38,SMCI
0.8647641869435756,39,SMCI
0.8496150144369586,42,SMCI
0.9396535012444358,43,SMCI
0.9240423648602923,44,SMCI
0.8936284701335419,45,SMCI
0.6868623911588667,46,SMCI
0.6901058898279596,49,SMCI
0.7332627385481834,50,SMCI
0.7263907321493022,51,SMCI
0.7578441043446222,52,SMCI
0.8252550552852803,53,SMCI
0.8569297166370909,56,SMCI
0.8265639921010286,57,SMCI
0.7105870912348111,58,SMCI
0.7338979976239173,59,SMCI
0.7533205122300589,60,SMCI
0.799181882180883,63,SMCI
0.7885370337125541,64,SMCI
0.7917613230495067,65,SMCI
0.7696823986593179,66,SMCI
0.7685274302213667,67,SMCI
0.7533782577147498,70,SMCI
0.7915014389963306,71,SMCI
0.9166121129466434,72,SMCI
0.8704523815342277,73,SMCI
0.8545620930206328,74,SMCI
0.8700096269888414,77,SMCI
0.8652069414889617,78,SMCI
0.840490875391001,79,SMCI
0.8155726707245549,80,SMCI
0.8507026033520814,81,SMCI
0.841886401061718,85,SMCI
0.8082001642955967,86,SMCI
0.7968623700109781,87,SMCI
0.7550625695530558,88,SMCI
0.7416650884075734,91,SMCI
0.7426467616473171,92,SMCI
0.7723965539280558,93,SMCI
0.7487199065545296,94,SMCI
0.7402406018783084,95,SMCI
0.75732433623827,98,SMCI
0.7387969060169033,99,SMCI
0.7456592783776468,100,SMCI
0.8384022864157242,101,SMCI
0.8128392473795416,102,SMCI
0.8541000703989714,105,SMCI
0.8854764290333254,106,SMCI
0.8831953942718359,108,SMCI
0.8712800863961742,109,SMCI
0.7959383835117901,112,SMCI
0.8114725650791025,113,SMCI
0.7999614755962765,114,SMCI
0.8569393506752286,115,SMCI
0.788594779197245,116,SMCI
0.7818286884737428,119,SMCI
0.8057458930800349,120,SMCI
0.8152069297401348,121,SMCI
0.8148027113472991,123,SMCI
0.8655823165115195,126,SMCI
0.8619922861901468,127,SMCI
0.8661982487668431,128,SMCI
0.8558421277219682,129,SMCI
0.8758036785107375,130,SMCI
0.8639845935281821,133,SMCI
0.8440423695598231,134,SMCI
0.785668910066019,135,SMCI
0.7715206788754211,136,SMCI
0.7668720204974735,137,SMCI
0.7567661494676372,140,SMCI
0.753820953516001,141,SMCI
0.6848508157445561,142,SMCI
0.6694995046694538,143,SMCI
0.685457172705877,144,SMCI
0.6715399234540423,147,SMCI
0.6412993239254993,148,SMCI
0.6753128242676251,149,SMCI
0.964142328655727,0,BLDR
1.0092285846196347,1,BLDR
1.023177235756627,2,BLDR
1.0325467451588681,3,BLDR
1.0405072217232705,4,BLDR
1.0493836556275586,7,BLDR
1.0538217650855894,8,BLDR
1.0910179531293418,9,BLDR
1.1861218650013678,10,BLDR
1.1448397182149312,11,BLDR
1.1280028077462407,14,BLDR
1.1601267785572893,15,BLDR
1.1373019085042355,16,BLDR
1.159704111703583,17,BLDR
1.1781613884369657,18,BLDR
1.18802397333716,22,BLDR
1.2015498501263324,23,BLDR
1.1881648981197668,24,BLDR
1.1760479466743203,25,BLDR
1.1650581785014997,29,BLDR
1.1222965902329773,30,BLDR
1.1080661970248855,31,BLDR
1.1256076239124955,32,BLDR
1.1544910771823857,35,BLDR
1.1648468450746465,36,BLDR
1.1785840552906721,37,BLDR
1.1779500550101125,38,BLDR
1.1792180555712317,39,BLDR
1.1687918790347243,43,BLDR
1.159704111703583,44,BLDR
1.167171512770032,45,BLDR
1.215287060342358,46,BLDR
1.2541036146508027,49,BLDR
1.1811905725512706,50,BLDR
1.1646355116477933,51,BLDR
1.1961958908225288,52,BLDR
1.1942233738424899,53,BLDR
1.2433955885490822,56,BLDR
1.2427615882685223,57,BLDR
1.2238816446814331,58,BLDR
1.2611483488635453,59,BLDR
1.2733357089532384,60,BLDR
1.2552306904293153,63,BLDR
1.2536104316587362,64,BLDR
1.2744628922258645,65,BLDR
1.3050370129105804,66,BLDR
1.3056006045468935,67,BLDR
1.318210631490293,70,BLDR
1.283409627280286,71,BLDR
1.3154631894470878,72,BLDR
1.316801706146567,73,BLDR
1.2947516536625663,74,BLDR
1.2884818445129897,78,BLDR
1.2938359113109068,79,BLDR
1.3270165492562214,80,BLDR
1.3291299910188668,81,BLDR
1.3415992006737731,84,BLDR
1.3607608863319622,85,BLDR
1.3615358113951286,86,BLDR
1.374991172045941,87,BLDR
1.4088059177659285,88,BLDR
1.4148643934886516,91,BLDR
1.396970815885695,92,BLDR
1.4107784347459673,93,BLDR
1.4380416292452785,94,BLDR
1.407819659275909,95,BLDR
1.3575202612966908,98,BLDR
1.4065516587147897,99,BLDR
1.416977835251297,100,BLDR
1.3766819469548799,101,BLDR
1.3771751299469464,102,BLDR
1.375836613247467,105,BLDR
1.4057062175132635,106,BLDR
1.4555125399945286,107,BLDR
1.4872842525961172,108,BLDR
1.483198293853433,109,BLDR
1.4707996003368866,112,BLDR
1.4585417241088334,113,BLDR
1.4771398181307096,114,BLDR
1.4691793415663075,115,BLDR
1.44705888043806,119,BLDR
1.4071856589953493,120,BLDR
1.4284607864161838,121,BLDR
1.414230393208092,122,BLDR
1.4381120378895251,123,BLDR
1.4124692096549063,126,BLDR
1.4032406250352716,127,BLDR
1.3183515562728996,128,BLDR
1.3337795413978641,129,BLDR
1.33518846674159,130,BLDR
1.3001057204604833,133,BLDR
1.2827756269997264,134,BLDR
1.2631912744878309,135,BLDR
1.2841141436992056,136,BLDR
1.2471292890823067,137,BLDR
1.255442131350282,140,BLDR
1.3190560726918192,141,BLDR
1.315181447375988,142,BLDR
1.305107421554827,143,BLDR
1.3220148481618776,144,BLDR
1.3206059228181517,147,BLDR
1.2879183603707902,148,BLDR
0.9770038778200933,0,UBER
0.9660057130830135,1,UBER
0.9956674166171421,2,UBER
1.0161639934649866,3,UBER
1.0281620144755084,4,UBER
1.0408265427672962,7,UBER
1.0451591897178492,8,UBER
1.032661272354454,9,UBER
1.0414931136162575,10,UBER
1.030828234303658,11,UBER
1.0286619108283819,14,UBER
1.0351608176865161,15,UBER
1.0111648392331676,16,UBER
1.024162652949436,17,UBER
1.0283286254039012,18,UBER
1.0328278832828468,22,UBER
1.054490927332526,23,UBER
1.0521579929288567,24,UBER
1.025995691000232,25,UBER
0.9728379053656283,29,UBER
0.970671581890352,30,UBER
0.9631728187587759,31,UBER
0.9595068062248793,32,UBER
0.9833361101821398,35,UBER
1.0048325433034262,36,UBER
1.0399933609899423,37,UBER
1.0576571070812442,38,UBER
1.0531578492022986,39,UBER
1.0606566123338745,43,UBER
1.051824707504376,44,UBER
1.081153125614024,45,UBER
1.0849858762117035,46,UBER
1.0756541385970266,49,UBER
1.0718213879993472,50,UBER
1.0624895868169755,51,UBER
1.0998167279787678,52,UBER
1.0918180049266235,53,UBER
1.1161473959398422,56,UBER
1.1138143344007831,57,UBER
1.0876520324721584,58,UBER
1.1119814234853773,59,UBER
1.1343109748163227,60,UBER
1.1496417229362605,63,UBER
1.174304335806265,64,UBER
1.1773038410588954,65,UBER
1.1933011600277943,66,UBER
1.181636488009448,67,UBER
1.1518081099792319,70,UBER
1.1496417229362605,71,UBER
1.3189469045107065,72,UBER
1.356273982104804,73,UBER
1.306615661643399,74,UBER
1.276453934621007,78,UBER
1.2737877783605522,79,UBER
1.3002833021459628,80,UBER
1.3031161329025054,81,UBER
1.3057824162983502,84,UBER
1.3122813231564845,85,UBER
1.2952842114818386,86,UBER
1.3247792405198795,87,UBER
1.350274971599543,88,UBER
1.3547742930461837,91,UBER
1.3179469846695697,92,UBER
1.3104482851056887,93,UBER
1.3232795514612592,94,UBER
1.3114480778114355,95,UBER
1.290951564531286,98,UBER
1.305115845449389,99,UBER
1.3039493782475544,100,UBER
1.2939510697839163,101,UBER
1.2676220933592037,102,UBER
1.261456408357855,105,UBER
1.2844526576731516,106,UBER
1.3104482851056887,107,UBER
1.3372771578832745,108,UBER
1.336943936026489,109,UBER
1.3232795514612592,112,UBER
1.298283716734469,113,UBER
1.301616443843885,114,UBER
1.2829528414791413,115,UBER
1.2731212075115912,119,UBER
1.2827862941184436,120,UBER
1.279953336226511,121,UBER
1.2484585946415865,122,UBER
1.285785799371074,123,UBER
1.2502916326923823,126,UBER
1.2521246707431781,127,UBER
1.2389601825308219,128,UBER
1.2694551314099995,129,UBER
1.2544576051468475,130,UBER
1.2231295380580107,133,UBER
1.2352941064292302,134,UBER
1.1988002741801818,135,UBER
1.1881353948675824,136,UBER
1.1531411245417644,137,UBER
1.1494751755755626,140,UBER
1.1798034499586525,141,UBER
1.155807407937609,142,UBER
1.15497416259256,143,UBER
1.1506416427773971,144,UBER
1.12314619915085,147,UBER
1.1043159222900185,148,UBER
0.9792019990308467,0,JBL
0.9699490592205505,1,JBL
0.9710526012413504,2,JBL
0.9882851880555031,3,JBL
1.0101867310454562,4,JBL
1.027079751522673,7,JBL
1.019949052743985,8,JBL
1.0237690606946168,9,JBL
1.1580644705841512,10,JBL
1.1282682531316461,11,JBL
1.1053480758965413,14,JBL
1.114006726042957,15,JBL
1.091595865930428,16,JBL
1.0929541312781723,17,JBL
1.0855687091725397,18,JBL
1.0904074161339798,22,JBL
1.0819184520075475,23,JBL
1.0864176573977082,24,JBL
1.0814940426606199,25,JBL
1.087775857979796,29,JBL
1.0810695685480356,30,JBL
1.0613751743653386,31,JBL
1.0761459538109472,32,JBL
1.0910017057978605,35,JBL
1.0897282834601079,36,JBL
1.0994906699242928,37,JBL
1.0969439547801005,38,JBL
1.087775857979796,39,JBL
1.064601022183403,43,JBL
1.0314940491371853,44,JBL
1.0483870696144022,45,JBL
1.0576400094246983,46,JBL
1.064516114407755,49,JBL
1.0455856959089218,50,JBL
1.0520373267793943,51,JBL
1.0541595678110025,52,JBL
1.046010170021506,53,JBL
1.0553480176074503,56,JBL
1.0831918095796438,57,JBL
1.063582323172595,58,JBL
1.114940517278117,59,JBL
1.1139218830329654,60,JBL
1.104244469110085,63,JBL
1.1015279384145964,64,JBL
1.1167232567384455,65,JBL
1.1539048315309266,66,JBL
1.186502552220225,67,JBL
1.1923599581924735,70,JBL
1.1765704797360566,71,JBL
1.1996604725224578,72,JBL
1.1972834433982489,73,JBL
1.1757215315108882,74,JBL
1.16578945902672,78,JBL
1.1636672179951117,79,JBL
1.1908318772934328,80,JBL
1.1843803111886169,81,JBL
1.1889642948231127,84,JBL
1.2113751549356417,85,JBL
1.2061968816372655,86,JBL
1.2231748098901303,87,JBL
1.2494056779532912,88,JBL
1.261629807020364,91,JBL
1.2826825313164618,92,JBL
1.3004244352531904,93,JBL
1.3117996160950947,94,JBL
1.2838709811129096,95,JBL
1.255178240915548,98,JBL
1.2699490851268131,99,JBL
1.2630729153781,100,JBL
1.2517827070775003,101,JBL
1.045415945123282,102,JBL
1.0541595678110025,105,JBL
1.067487238898875,106,JBL
1.0772495605974035,107,JBL
1.0968591117701088,108,JBL
1.1136672244716774,109,JBL
1.114940517278117,112,JBL
1.1342105021138862,113,JBL
1.1539898040722314,114,JBL
1.1370967188293581,115,JBL
1.151188430366751,119,JBL
1.1391341168509745,120,JBL
1.1730899733567042,121,JBL
1.1534804869496555,122,JBL
1.192444801202465,123,JBL
1.1764006641847604,126,JBL
1.1589982618193113,127,JBL
1.1575551534615753,128,JBL
1.1716468649989682,129,JBL
1.1381154826058228,130,JBL
1.1261460121000382,133,JBL
1.120882766260357,134,JBL
1.1005941471794363,135,JBL
1.1000848300568604,136,JBL
1.0080644900138482,137,JBL
1.011290273066256,140,JBL
1.026230868063161,141,JBL
1.0207130284278487,142,JBL
1.0057724981966003,143,JBL
1.0039897587362718,144,JBL
1.0175721531510888,147,JBL
0.9962648350593597,148,JBL
1.03579958423744,0,LULU
1.0266010652018875,1,LULU
1.0083780708010257,2,LULU
0.9849592583038709,3,LULU
0.9840394215741317,4,LULU
1.000546940199991,7,LULU
1.002809280305904,8,LULU
0.9862271823740952,9,LULU
0.9661396294554118,10,LULU
0.9616647193602719,11,LULU
0.9739210658088403,14,LULU
0.9782220081028178,15,LULU
0.9827218032563009,16,LULU
1.003132482588046,17,LULU
1.0141457900247333,18,LULU
1.0141955601414199,21,LULU
1.0284656237197092,22,LULU
1.0183970380711045,23,LULU
1.0107895695188382,24,LULU
1.028415929472103,25,LULU
1.0366448416612293,28,LULU
1.0698339225831905,29,LULU
1.0744580671593098,30,LULU
1.0448488687920126,31,LULU
1.0502188064276285,32,LULU
1.0654832860416066,35,LULU
1.0699333869474834,36,LULU
1.065607635464243,37,LULU
1.0733890718176715,39,LULU
1.0831096459948713,42,LULU
1.063370180416673,43,LULU
1.0897723168899747,44,LULU
1.110779630669317,45,LULU
1.1600288302505197,46,LULU
1.145485334506775,49,LULU
1.135963613189081,50,LULU
1.1452615965889261,51,LULU
1.155205908683975,52,LULU
1.21728327997208,53,LULU
1.2498508413881007,56,LULU
1.2521131814940138,57,LULU
1.254226362988028,58,LULU
1.2164379466792103,59,LULU
1.2218078843148263,60,LULU
1.2470913311988832,63,LULU
1.260093470706948,64,LULU
1.2558422985296571,65,LULU
1.2704604494484317,66,LULU
1.2678997921187198,67,LULU
1.2587510431998543,71,LULU
1.2649413532009166,72,LULU
1.2659606542949486,73,LULU
1.2711068540127157,74,LULU
1.2564141237879913,78,LULU
1.23811655008118,79,LULU
1.2330946997860492,80,LULU
1.2209129326434305,81,LULU
1.221857654431513,84,LULU
1.2075129356781937,85,LULU
1.203510386477095,86,LULU
1.2069411862889399,87,LULU
1.1931682927939546,88,LULU
1.1702715354384474,92,LULU
1.1644789311563966,93,LULU
1.1869779827928926,94,LULU
1.2033114577485091,95,LULU
1.1980161752879233,98,LULU
1.1858592173345675,99,LULU
1.1804892796989515,100,LULU
1.1791467763227774,101,LULU
1.1884198746642793,102,LULU
1.1982647223950351,105,LULU
1.196797945465305,106,LULU
1.128231946952339,107,LULU
1.1484188883662352,108,LULU
1.1495624630138233,109,LULU
1.1354664431057766,112,LULU
1.1349940822117355,113,LULU
1.1380022153771452,114,LULU
1.1758652109919123,115,LULU
1.1690533056158294,116,LULU
1.158711211932689,119,LULU
1.1342234040938957,120,LULU
1.1453609850841389,121,LULU
1.1410601186592415,122,LULU
1.1177406946572994,123,LULU
1.1053103045384884,127,LULU
1.102476139174241,128,LULU
1.1318119053760831,129,LULU
1.1383503027176305,130,LULU
1.1641060346266483,133,LULU
1.163086733532616,134,LULU
1.1538882903661443,135,LULU
1.1612221750147944,136,LULU
1.1398667738949668,137,LULU
1.1206991335751029,140,LULU
1.1089399572098386,141,LULU
1.115105458021638,142,LULU
1.1368337556712138,143,LULU
1.1445654977770359,144,LULU
1.1380271004354885,147,LULU
1.1567223798613113,148,LULU
1.0176736360813285,0,HUBB
1.0030125318710774,1,HUBB
0.9704769629314853,2,HUBB
0.9539748953974896,3,HUBB
0.9368033309361925,4,HUBB
0.9385104765951883,7,HUBB
0.9448033799686193,8,HUBB
0.9368703419194561,9,HUBB
0.9434309827732741,10,HUBB
0.9406526828909518,11,HUBB
0.9483848922921025,14,HUBB
0.9041004388402196,15,HUBB
0.934225961852772,16,HUBB
0.9396150341592573,17,HUBB
0.9433974772816422,18,HUBB
0.9313807531380753,21,HUBB
0.9326527360094142,22,HUBB
0.9420585855779289,23,HUBB
0.9540084008891213,24,HUBB
0.9691045657361401,25,HUBB
0.9733556771378138,28,HUBB
0.989255258727772,29,HUBB
0.9687364139317468,30,HUBB
0.9693388998757845,31,HUBB
1.0070627124738494,32,HUBB
1.0066945606694562,35,HUBB
0.9955815654419456,36,HUBB
1.0032803715023535,37,HUBB
1.0059581549097802,39,HUBB
1.0061924890494247,42,HUBB
0.9871799612643829,43,HUBB
0.986309635689069,44,HUBB
1.00418410041841,45,HUBB
1.0158326727575837,46,HUBB
1.015364004478295,49,HUBB
1.0035816144743723,50,HUBB
1.0155983386179392,51,HUBB
1.0251046025104602,52,HUBB
1.0315314256995294,53,HUBB
1.0539581426516735,56,HUBB
1.067882841102249,57,HUBB
1.0541255679589434,58,HUBB
1.093857769188023,59,HUBB
1.0893054148143306,60,HUBB
1.0882342605910043,63,HUBB
1.0834811797201882,64,HUBB
1.0748786447437237,65,HUBB
1.0863597917756276,66,HUBB
1.091179883629707,67,HUBB
1.1008870783211298,71,HUBB
1.0979748586231695,72,HUBB
1.0982426982544455,73,HUBB
1.1010208959858787,74,HUBB
1.090945651640952,78,HUBB
1.0605522889971235,79,HUBB
1.0709288784649582,80,HUBB
1.0649707235551777,81,HUBB
1.0807698908211296,84,HUBB
1.097071129707113,85,HUBB
1.0901757403896444,86,HUBB
1.0968703010591003,87,HUBB
1.096669472411088,88,HUBB
1.092619291808316,92,HUBB
1.0765522849110878,93,HUBB
1.0901757403896444,94,HUBB
1.103330527588912,95,HUBB
1.120535597541841,98,HUBB
1.107815870979341,99,HUBB
1.0984435269024582,100,HUBB
1.1173891458551255,101,HUBB
1.1011883212931486,102,HUBB
1.1131715399450837,105,HUBB
1.1525020838781381,106,HUBB
1.1232468864408995,107,HUBB
1.1504936952471234,108,HUBB
1.1850376528177302,109,HUBB
1.174861891997908,112,HUBB
1.1723849372384938,113,HUBB
1.1887196816161087,114,HUBB
1.19902926010068,115,HUBB
1.215096266997908,116,HUBB
1.2044184345580544,119,HUBB
1.180317975287657,120,HUBB
1.2039832717703975,121,HUBB
1.2006359914356695,122,HUBB
1.201271982871339,123,HUBB
1.1894560873757845,127,HUBB
1.1854393101137553,128,HUBB
1.220820087768044,129,HUBB
1.2244017022424163,130,HUBB
1.2370878211623955,133,HUBB
1.2300920175209205,134,HUBB
1.2412385182400627,135,HUBB
1.2742092499673117,136,HUBB
1.2879330176189854,137,HUBB
1.2978744442991632,140,HUBB
1.2741422389840482,141,HUBB
1.29847703239409,142,HUBB
1.3153472517324791,143,HUBB
1.3159498398274059,144,HUBB
1.2968367955674687,147,HUBB
1.3286359587473848,148,HUBB
1.0147385536689657,0,VLTO
0.9710447205722992,1,VLTO
1.0170862817174149,2,VLTO
0.9731316341751507,5,VLTO
0.9782183616952044,6,VLTO
0.9713056345274144,7,VLTO
0.9681753636326547,8,VLTO
0.9371331706021022,9,VLTO
0.9679144496775394,12,VLTO
0.971436091504972,13,VLTO
0.9449588975937604,14,VLTO
0.9167862605218876,15,VLTO
0.9120908044249892,16,VLTO
0.9377853559803727,19,VLTO
0.9392200842049537,20,VLTO
0.9233077162665223,21,VLTO
0.9130038042488574,22,VLTO
0.886787524292761,23,VLTO
0.891613437367217,26,VLTO
0.899960892759588,27,VLTO
0.8805269825032416,28,VLTO
0.91665580354433,29,VLTO
0.92343817324408,30,VLTO
0.8903091661201936,33,VLTO
0.9139168040727256,34,VLTO
0.9103952617548106,35,VLTO
0.9081778911744014,36,VLTO
0.9201774453717626,37,VLTO
0.9518717242710679,40,VLTO
0.960349537131479,41,VLTO
0.9640016359364691,42,VLTO
0.9244815305359881,43,VLTO
0.9259162587605692,44,VLTO
0.922916444843367,47,VLTO
0.9431328979460241,48,VLTO
0.9513499958703551,49,VLTO
0.9653059071834925,51,VLTO
0.9586539944613003,54,VLTO
0.9563062664128511,55,VLTO
0.968044906655097,56,VLTO
1.0075649125460604,57,VLTO
0.997913185906666,58,VLTO
0.9883918167353116,61,VLTO
0.9853920028181096,62,VLTO
0.9890440021135821,63,VLTO
0.9733924486207484,64,VLTO
0.9838268176159709,65,VLTO
1.0019564566252939,68,VLTO
1.0101734550401074,69,VLTO
1.0139559113131376,70,VLTO
1.034694192326025,71,VLTO
1.028433551026988,72,VLTO
1.0543889170279692,75,VLTO
1.0883005665076837,76,VLTO
1.0517803745339223,77,VLTO
1.0580410158329594,78,VLTO
1.0648232860231917,79,VLTO
1.0712142847902688,83,VLTO
1.0854311100585214,84,VLTO
1.0830833820100723,85,VLTO
1.0729099269699651,86,VLTO
1.0567366450764184,90,VLTO
1.017999281541283,91,VLTO
0.9992174571536895,92,VLTO
1.0029999134267198,93,VLTO
1.0109560973959355,96,VLTO
1.0009129998238682,97,VLTO
0.9968697291052403,98,VLTO
0.9923047299858995,99,VLTO
0.988131002289714,100,VLTO
0.9723490913288402,104,VLTO
0.9896960879823351,105,VLTO
0.9913917301620313,106,VLTO
1.0114778257966484,107,VLTO
1.0393896484229235,110,VLTO
1.0289552794277008,111,VLTO
0.9946524580343487,112,VLTO
1.0003912714231553,113,VLTO
1.0041737276961855,114,VLTO
1.0160428249159892,117,VLTO
1.0216512808367557,118,VLTO
1.0002609139551153,119,VLTO
1.0015651852021386,120,VLTO
1.0022172710708916,121,VLTO
0.988261359757754,124,VLTO
1.0123908256205165,125,VLTO
1.0585627442336722,126,VLTO
1.0768227407110353,127,VLTO
1.0712142847902688,128,VLTO
1.089083109353994,131,VLTO
1.071996927146097,132,VLTO
1.0984740215477908,133,VLTO
1.1293856580912682,134,VLTO
1.1228642023466335,135,VLTO
1.118690474650448,139,VLTO
1.1133429326847966,140,VLTO
1.1209078452308572,141,VLTO
1.1309508432934068,142,VLTO
1.1257336587957956,145,VLTO
1.1450372115841019,146,VLTO
1.0080765103715448,0,ABNB
1.0043925639588143,1,ABNB
1.015019556979445,2,ABNB
1.0330854667351899,3,ABNB
1.0437832674587473,6,ABNB
1.0449876470286819,7,ABNB
1.0252568373755704,8,ABNB
1.0210414548291178,9,ABNB
1.0113355024633512,10,ABNB
1.0099185916812732,13,ABNB
1.0049593498923182,14,ABNB
0.9777541656009476,15,ABNB
0.9404888823258136,16,ABNB
0.9365922965975764,17,ABNB
0.9503365582007968,20,ABNB
0.9371590825310803,21,ABNB
0.9495572410551494,22,ABNB
0.9668438336652467,23,ABNB
0.9720865224726353,24,ABNB
0.9674814273016773,27,ABNB
0.9049239027995095,28,ABNB
0.9026568131171756,29,ABNB
0.8855118899646135,30,ABNB
0.8952178963820615,31,ABNB
0.9052072417145799,34,ABNB
0.932270648445052,35,ABNB
0.9210060617879907,36,ABNB
0.892454882520832,37,ABNB
0.879064875638972,38,ABNB
0.8869288547983731,41,ABNB
0.8906128552627852,42,ABNB
0.865533145247895,43,ABNB
0.8499469104383094,44,ABNB
0.8252922628477064,45,ABNB
0.8529224555116824,48,ABNB
0.8643996274325689,49,ABNB
0.8395324486298223,50,ABNB
0.8180659313764175,51,ABNB
0.808289063204361,52,ABNB
0.8285512008878313,55,ABNB
0.8380446760931358,56,ABNB
0.8464045794314325,57,ABNB
0.818278462588561,58,ABNB
0.8688629450426284,59,ABNB
0.83719449719288,62,ABNB
0.8578108895977107,63,ABNB
0.8335813584830764,64,ABNB
0.8184201320460961,65,ABNB
0.8370528277353448,66,ABNB
0.8441374897490986,69,ABNB
0.8974849860643954,70,ABNB
0.9093164127066423,71,ABNB
0.8946511104485576,72,ABNB
0.9008147858591288,73,ABNB
0.9188806415631919,76,ABNB
0.8984768344221864,77,ABNB
0.9142047386893073,78,ABNB
0.9094580281124958,80,ABNB
0.9139213997742369,83,ABNB
0.9037194691778934,84,ABNB
0.8960680752823174,85,ABNB
0.8950761728728447,86,ABNB
0.9565710953659764,87,ABNB
0.947219289618207,90,ABNB
0.947290205424497,91,ABNB
0.9586255997844851,92,ABNB
0.9907191100585206,93,ABNB
0.9966702002052666,94,ABNB
1.012469074330359,97,ABNB
0.9957492676537657,98,ABNB
1.0238044686903471,99,ABNB
1.0432872892281702,100,ABNB
1.0386114944576488,101,ABNB
1.0449876470286819,104,ABNB
1.0408077223853742,105,ABNB
0.9994333221698594,106,ABNB
1.0066595995894667,107,ABNB
0.9975204331572042,108,ABNB
0.9827843231961927,112,ABNB
0.9674106195987506,113,ABNB
0.9705986958842672,114,ABNB
0.9645058822283044,115,ABNB
0.9527453173406659,119,ABNB
0.945235592902625,120,ABNB
0.9473610131274238,121,ABNB
0.9633723103612966,122,ABNB
0.9924194678590323,125,ABNB
0.9885228821307951,126,ABNB
0.9901523241250167,127,ABNB
0.9879560961972912,128,ABNB
0.9715905442420582,129,ABNB
0.9565710953659764,133,ABNB
0.9562876483475428,134,ABNB
0.9708820347993374,135,ABNB
0.9913567036949513,136,ABNB
1.0060928136559628,139,ABNB
1.0081474261778347,140,ABNB
1.0002834470184336,141,ABNB
1.0068013230986834,142,ABNB
1.0600070959047636,143,ABNB
1.0818278678795288,146,ABNB
1.0587319086319023,147,ABNB
1.0211831783383345,148,ABNB
0.998523951477333,0,BX
0.9953874539394667,1,BX
1.0091328214929332,2,BX
1.039391112388933,3,BX
1.0470479557410666,6,BX
1.0381918757506665,7,BX
1.0401291366502665,8,BX
1.0397601245195998,9,BX
1.0497232409019999,10,BX
1.0550738112238667,13,BX
1.0619926303146667,14,BX
1.0536900333293333,15,BX
1.0251844620766664,16,BX
1.0256457448354666,17,BX
1.0175276891064002,20,BX
0.9773062818280001,21,BX
0.9829335936524002,22,BX
0.9984317512310669,23,BX
0.9883763642205331,24,BX
0.9885609054768002,27,BX
0.9522140199976,28,BX
0.9616235829930664,29,BX
0.9611623706161334,30,BX
0.9698339093502663,31,BX
0.9668818826867996,34,BX
0.9713099578729333,35,BX
0.9895756008587996,36,BX
0.9673431654456,37,BX
0.9575645903194668,38,BX
0.9643911387821332,41,BX
0.9716789700036,42,BX
0.9437269521378668,43,BX
0.869188190908,44,BX
0.8710331811794664,45,BX
0.8555350236007997,48,BX
0.8779520002702663,49,BX
0.8478782506305336,50,BX
0.8514760309272001,51,BX
0.8266605105993333,52,BX
0.8522139848066663,55,BX
0.8519372433041331,56,BX
0.8740774784710665,57,BX
0.9059040181359996,58,BX
0.930811809092,59,BX
0.9071033251561333,62,BX
0.9126383663523999,63,BX
0.9147601685082669,64,BX
0.8934501578489331,65,BX
0.9099630811914665,66,BX
0.9015682839598669,69,BX
0.9464021669169329,70,BX
0.961992595123733,71,BX
0.9566420248018662,72,BX
0.9682656605813331,73,BX
0.9820110281347996,76,BX
0.975830233305333,77,BX
0.9850553254263997,78,BX
0.9870848569541332,80,BX
0.9847785839238665,83,BX
0.9929889102810665,84,BX
1.0273985348606667,85,BX
1.0366236269817335,86,BX
1.0542435163343997,87,BX
1.0658671521138665,90,BX
1.0634686084554663,91,BX
1.0342250833233333,92,BX
1.0503689945352,93,BX
1.0384686172531998,94,BX
1.0423431390523996,97,BX
1.044372670580133,98,BX
1.104704781497733,99,BX
1.1851475960545332,100,BX
1.1934501226579994,101,BX
1.161992595123733,104,BX
1.183487006275599,105,BX
1.163284102390133,106,BX
1.1913283908839998,107,BX
1.2056273118244,108,BX
1.2119003069001326,112,BX
1.2233394718052,113,BX
1.2281365591220004,114,BX
1.2077490435983997,115,BX
1.183302605783067,119,BX
1.128690006936133,120,BX
1.1337638357554667,121,BX
1.127398499669733,122,BX
1.1285977363079995,125,BX
1.1162361466490665,126,BX
1.121125434212133,127,BX
1.1062730302666663,128,BX
1.1009224599447995,129,BX
1.0908671433161332,133,BX
1.0791513072904002,134,BX
1.0801660026723996,135,BX
1.0985239866682668,136,BX
1.1159594051465334,139,BX
1.0976014915325334,140,BX
1.1128228372267996,141,BX
1.1392066063235997,142,BX
1.1491697227059998,143,BX
1.1792435427276,146,BX
1.1734316896469328,147,BX
1.1480626863139995,148,BX
0.9840000353361431,0,KVUE
0.9987368131938733,1,KVUE
0.9658947593287418,4,KVUE
0.9793684306897615,5,KVUE
0.9654736970600329,6,KVUE
0.9591579236482319,7,KVUE
0.9629474037571957,8,KVUE
0.9642105102539062,11,KVUE
0.9995789377312911,12,KVUE
0.9945263511256168,13,KVUE
0.9962105198910362,14,KVUE
0.9671578658254523,15,KVUE
0.9671578658254523,18,KVUE
0.9625263414884868,19,KVUE
0.971368408203125,20,KVUE
0.9705262836657073,21,KVUE
0.9667368035567434,22,KVUE
0.9520000256990132,26,KVUE
0.9423157541375411,27,KVUE
0.8837894640470806,28,KVUE
0.8968420731393915,29,KVUE
0.9292631450452302,32,KVUE
0.8867368196186266,33,KVUE
0.9094737002724096,34,KVUE
0.9153684114155016,35,KVUE
0.8934736552991365,36,KVUE
0.8875789441560444,39,KVUE
0.8867368196186266,40,KVUE
0.8795789216694079,41,KVUE
0.8774736906352796,42,KVUE
0.8652631257709704,43,KVUE
0.8770526283665707,46,KVUE
0.8690526058799342,47,KVUE
0.8513683921412418,48,KVUE
0.8467368678042763,49,KVUE
0.8454736809981497,50,KVUE
0.8555789345189144,53,KVUE
0.8416842008891858,54,KVUE
0.8307368228310033,55,KVUE
0.83200000963713,56,KVUE
0.8450526187294408,57,KVUE
0.8366316142835115,60,KVUE
0.8290526540655839,61,KVUE
0.8239999871504934,62,KVUE
0.8134736713610198,63,KVUE
0.8155789827045642,64,KVUE
0.8227368806537829,67,KVUE
0.8328421341745477,68,KVUE
0.844631556460732,69,KVUE
0.8353684274773848,70,KVUE
0.8311578850997122,71,KVUE
0.828631591796875,74,KVUE
0.841263138620477,75,KVUE
0.8307368228310033,76,KVUE
0.7869473909076892,77,KVUE
0.7667368035567435,78,KVUE
0.7848420795641448,81,KVUE
0.7831579107987253,82,KVUE
0.7949473330849095,83,KVUE
0.8096841912520559,84,KVUE
0.8155789827045642,85,KVUE
0.8147368581671464,88,KVUE
0.8252631739566201,89,KVUE
0.8067368356805099,90,KVUE
0.8092631289833471,91,KVUE
0.8063157734118009,92,KVUE
0.8042105423776726,95,KVUE
0.8172631514699835,96,KVUE
0.8252631739566201,97,KVUE
0.8256842362253289,98,KVUE
0.828631591796875,99,KVUE
0.8315789473684211,102,KVUE
0.8378947207802221,103,KVUE
0.8437895122327302,104,KVUE
0.8526315789473684,106,KVUE
0.8488420988384046,109,KVUE
0.8488420988384046,110,KVUE
0.8454736809981497,111,KVUE
0.860631601434005,112,KVUE
0.8711579172234786,113,KVUE
0.8682105616519326,116,KVUE
0.8492631611071135,117,KVUE
0.8164210269325658,118,KVUE
0.876210503829153,119,KVUE
0.8677894993832237,120,KVUE
0.866947374845806,123,KVUE
0.8736842105263158,124,KVUE
0.885894775390625,125,KVUE
0.8867368196186266,126,KVUE
0.8837894640470806,127,KVUE
0.8846315885844983,130,KVUE
0.9039999710886102,131,KVUE
0.8821052952816612,132,KVUE
0.8934736552991365,133,KVUE
0.8993684467516447,134,KVUE
0.8964210911800987,138,KVUE
0.9073683889288652,139,KVUE
0.9039999710886102,140,KVUE
0.9065263447008635,141,KVUE
0.9082105134662829,145,KVUE
0.8955789666426809,146,KVUE
0.8799999839381167,147,KVUE
0.8989473844829359,148,KVUE
0.91073680676912,151,KVUE
1.0014129556396207,0,PANW
0.992272707243488,1,PANW
0.9548726049118383,2,PANW
0.9838831020585047,3,PANW
0.971872675926823,4,PANW
1.0117896328633094,7,PANW
1.0316156825341811,8,PANW
1.0533845377874507,9,PANW
1.0765222843539706,10,PANW
1.0885768421886683,11,PANW
1.0668079869353988,15,PANW
1.0549741549924276,16,PANW
1.1001456817836053,17,PANW
1.0771404650794256,18,PANW
1.0765222843539706,21,PANW
1.1109197464643767,22,PANW
1.1189561632719394,23,PANW
1.1186029075178727,24,PANW
1.1282288741537663,25,PANW
1.124387327315341,28,PANW
1.138693882160133,30,PANW
1.1189119641922773,31,PANW
1.0932573630209208,32,PANW
1.0927275130781438,35,PANW
1.104914533398536,36,PANW
1.0272442183763333,37,PANW
1.0553715424495103,38,PANW
1.0653066331364542,39,PANW
1.1041197584843705,42,PANW
1.096569059916569,43,PANW
1.0862365817725421,44,PANW
1.0687949915974584,45,PANW
1.0766106151366486,46,PANW
1.0744469489092328,49,PANW
1.0725924067328674,50,PANW
1.0818651176146943,51,PANW
1.0830573473625884,52,PANW
1.0970106464533136,53,PANW
1.1037223710272877,56,PANW
1.1178963960097394,57,PANW
1.0428312663750516,58,PANW
1.0484832236868258,59,PANW
0.9640129206846167,60,PANW
0.9504128773479582,63,PANW
0.9338101937900563,64,PANW
0.9425972538087681,65,PANW
0.9452024391962829,66,PANW
0.9624233034796399,67,PANW
0.9685167799515131,70,PANW
0.9522674195243236,71,PANW
0.9448050517392,72,PANW
0.9165452651803289,73,PANW
0.9259063068448339,74,PANW
1.0633196284743947,77,PANW
1.0357221543439947,78,PANW
1.0405793367416034,79,PANW
1.0043272650781858,80,PANW
1.0189428765973825,81,PANW
1.0262727818968116,84,PANW
1.0328961756881077,85,PANW
1.0504702283488854,86,PANW
1.0743144864235386,87,PANW
1.07175343273904,88,PANW
1.0821301099627285,92,PANW
1.0827482906881838,93,PANW
1.0837638588707217,94,PANW
1.098335338686902,95,PANW
1.1177639335240452,98,PANW
1.085044352024648,99,PANW
1.0875170749264684,100,PANW
1.0854418068583767,101,PANW
1.0606261123042018,102,PANW
1.0592572883675972,105,PANW
1.0428312663750516,106,PANW
1.0389897195366264,107,PANW
1.0042831333751698,108,PANW
1.0090077859104383,109,PANW
1.0002649249713884,112,PANW
1.0014129556396207,113,PANW
1.0239766531837016,114,PANW
1.0384598022172038,115,PANW
1.0351923044012177,116,PANW
1.0454806508422283,119,PANW
1.02313774656652,120,PANW
1.0440234961229458,121,PANW
1.0455247825452445,122,PANW
1.0892833536968016,123,PANW
1.1161743163190683,126,PANW
1.1338366997625242,127,PANW
1.1445665653636339,128,PANW
1.150792571697847,129,PANW
1.1454055393574614,130,PANW
1.1547665810219663,133,PANW
1.155738017501488,134,PANW
1.1539718061078008,135,PANW
1.117719801821029,136,PANW
1.0734313807266949,137,PANW
1.0869872249836914,140,PANW
1.1130392809887766,141,PANW
1.0808936811351726,142,PANW
1.0473351930185937,143,PANW
1.0544001059699886,144,PANW
1.0533404060844345,147,PANW
1.0730781249726282,148,PANW
1.081202805186223,149,PANW
1.0168067197288504,0,AXON
1.0198541094071654,1,AXON
1.0116354430286998,2,AXON
1.0153753892460131,3,AXON
1.024378976519797,6,AXON
1.0475574982208764,7,AXON
0.8898790012841534,8,AXON
0.9446855867288977,9,AXON
0.9303721409938024,10,AXON
0.9394680926239065,13,AXON
0.9290331748672852,14,AXON
0.912734282964793,15,AXON
0.9312955731969206,16,AXON
0.9089481897960002,17,AXON
0.9315264488610404,20,AXON
0.904053935711449,21,AXON
0.8902483882560729,22,AXON
0.8955582467173842,23,AXON
0.9001292607814955,24,AXON
0.8918644474515505,28,AXON
0.8907101395843124,29,AXON
0.8871548516262785,30,AXON
0.8922799813749495,31,AXON
0.8858620324512408,34,AXON
0.8998060912144166,35,AXON
0.9136577856212722,36,AXON
0.8991596816268977,37,AXON
0.8995290685988172,38,AXON
0.9089020428445206,41,AXON
0.908024757592882,42,AXON
0.9133345456008323,43,AXON
0.9330962906516774,44,AXON
0.9343429628752354,45,AXON
0.9454705076242161,49,AXON
0.9120878733772741,50,AXON
0.9092252124115995,51,AXON
0.8713177815053869,52,AXON
0.8755656260024193,55,AXON
0.9021147069488925,56,AXON
0.8984670546345384,57,AXON
0.9041924470192486,58,AXON
0.9009141816768139,59,AXON
0.8984209076830588,62,AXON
0.8939421875219066,64,AXON
0.871825679785106,65,AXON
0.8685012674911917,66,AXON
0.9020223425925724,69,AXON
0.9030381391520107,70,AXON
0.9044233226833684,71,AXON
0.895881416284463,72,AXON
0.887616602954518,73,AXON
0.9057161418584061,76,AXON
0.8876627499059976,77,AXON
0.8751038746741796,78,AXON
0.8497091015949443,79,AXON
0.830917006152058,80,AXON
0.8232523850047911,83,AXON
0.8312401757191368,84,AXON
0.8312863226706164,85,AXON
0.8407516612726399,86,AXON
0.8432911526712357,87,AXON
0.8584818132046085,90,AXON
0.8464770536573503,91,AXON
0.8219595658297535,92,AXON
0.8177117213327212,93,AXON
0.8350724862927702,94,AXON
0.8295779695721797,97,AXON
0.8113860663119715,98,AXON
0.9254778869092513,99,AXON
0.9424692648973808,100,AXON
0.975297783459763,101,AXON
0.9540123435697605,104,AXON
0.93752886386135,105,AXON
0.9270477286998882,106,AXON
0.902160853900372,107,AXON
0.9239080451186142,108,AXON
0.9093175767679197,111,AXON
0.9186444040621435,112,AXON
0.9248314773217324,113,AXON
0.9050235148660467,114,AXON
0.9161972065665068,115,AXON
0.9267245591328093,118,AXON
0.9471788607226528,119,AXON
0.9746975912770848,120,AXON
0.98305476896335,121,AXON
0.9945054832794095,122,AXON
0.9800073792850351,126,AXON
0.9857789186212249,127,AXON
0.997599019909204,128,AXON
0.9913657996981355,129,AXON
0.9843475881383876,132,AXON
0.9785298313973572,133,AXON
0.9689721988923745,134,AXON
0.9812078341037526,135,AXON
0.9521193322120446,136,AXON
0.9612152133887877,139,AXON
0.940991787463064,140,AXON
0.9389140473927078,141,AXON
0.9055776305506064,142,AXON
0.9022993652081717,143,AXON
0.8922338344234699,146,AXON
0.8754732616460991,147,AXON
0.8987440772501377,148,AXON
0.9053467548864866,149,AXON
0.9187829153699432,150,AXON
0.9852756428120287,0,FICO
0.992559994005175,1,FICO
0.9908767984043267,2,FICO
0.9850634412021972,3,FICO
0.9841157857623597,4,FICO
0.9659118574253815,7,FICO
0.9857141179854764,8,FICO
0.9452750350417548,9,FICO
0.9617816094930954,10,FICO
0.9263780413981341,11,FICO
0.9654309073975657,14,FICO
0.9856999597006869,15,FICO
0.9599853202759415,16,FICO
0.9630263299204961,17,FICO
0.977298139981235,18,FICO
0.9740307704420597,21,FICO
0.9611451773256106,22,FICO
0.9874680186792668,23,FICO
0.9850210526788338,24,FICO
0.9939178943798861,25,FICO
0.9757422826124867,28,FICO
0.9749642675971077,29,FICO
0.9570432459629032,30,FICO
0.9511025505286738,31,FICO
0.9612158824185527,35,FICO
0.9603530903564469,36,FICO
0.9680900750078302,37,FICO
0.9883874438805303,38,FICO
0.9873689970167459,39,FICO
0.9851199880103501,42,FICO
0.9863930250073295,43,FICO
0.98347926726387,44,FICO
0.994978729767034,45,FICO
1.0173128197052936,46,FICO
1.0092929283511365,49,FICO
1.003578592811528,50,FICO
1.0104244688312267,51,FICO
1.039166045946742,52,FICO
1.0296468440319895,53,FICO
1.0551634401316927,56,FICO
1.04628075671543,57,FICO
1.0642159366344237,58,FICO
1.0419525517891064,59,FICO
1.0353470212868086,60,FICO
1.0416130119471751,63,FICO
1.0427870272816335,64,FICO
1.0720095544249648,65,FICO
1.0598310985689428,66,FICO
1.052108272202349,67,FICO
1.0695201135701635,70,FICO
1.0666770609196463,71,FICO
1.0597180049526371,72,FICO
1.0833816786960289,73,FICO
1.0690250052575583,74,FICO
1.0986435327199688,77,FICO
1.0752769239641402,78,FICO
1.0823491598784598,79,FICO
1.0921371102111967,80,FICO
1.1197046719922537,81,FICO
1.1179931598218267,85,FICO
1.1141175883537402,86,FICO
1.1219960695220128,87,FICO
1.1186014480817423,88,FICO
1.119676355422675,91,FICO
1.117399116177705,92,FICO
1.0709911075611802,93,FICO
1.0844425140831768,94,FICO
1.095786408115667,95,FICO
1.1318123364243287,98,FICO
1.13379259701274,99,FICO
1.12483912217253,100,FICO
1.1345422091275355,101,FICO
1.131501199482981,102,FICO
1.125249280776399,106,FICO
1.1181204980539265,107,FICO
1.1129577313040713,108,FICO
1.0976817189953418,109,FICO
1.0869743434613415,112,FICO
1.0969603371191206,113,FICO
1.1143581065331505,114,FICO
1.1266637279592628,115,FICO
1.1445848359244721,116,FICO
1.124485510376814,119,FICO
1.120199693973854,121,FICO
1.1066635104051308,122,FICO
1.1227739982063871,123,FICO
1.1349241374928303,126,FICO
1.1434532091133771,127,FICO
1.1470741904482686,128,FICO
1.1468337585998631,129,FICO
1.1661409971783574,130,FICO
1.1842317455680251,133,FICO
1.1933266305941197,134,FICO
1.1949956679101785,135,FICO
1.2053352733636735,136,FICO
1.194500645928578,137,FICO
1.1807522607500232,140,FICO
1.2058020651066998,141,FICO
1.1807097858956548,142,FICO
1.160299323406649,143,FICO
1.1668764510083633,144,FICO
1.1852642643855944,147,FICO
1.1735526866036037,148,FICO
1.1629443327321243,149,FICO
1.038618080611636,0,BG
0.9608855126565917,1,BG
0.9601905886767307,2,BG
0.9144246752773618,3,BG
0.9435123374190318,6,BG
0.9649557600411971,7,BG
0.9494688394951315,8,BG
0.9286210443582663,9,BG
0.9324927744947827,10,BG
0.9513550941866258,13,BG
0.9589992579650974,14,BG
0.962970284596175,15,BG
0.9464905505865651,16,BG
0.9482775087834983,17,BG
0.9595949611914307,20,BG
0.9382507593227933,21,BG
0.9157152267425228,22,BG
0.9178992951766671,23,BG
0.9348753601770159,27,BG
0.945299295615965,28,BG
0.9384492765708823,29,BG
0.9262384586760332,30,BG
0.9371587251057212,31,BG
0.9505608737122037,34,BG
0.9709123378583299,35,BG
0.9604884024193807,36,BG
0.9569144860255143,37,BG
0.9441079649043319,38,BG
0.945497812864054,41,BG
0.907177545995068,42,BG
0.9136304548029396,43,BG
0.9201826601053724,44,BG
0.9292166718435663,45,BG
0.9186935156510893,48,BG
0.9048942568073958,49,BG
0.9013203404135294,50,BG
0.8870246748380638,51,BG
0.8989377547312962,52,BG
0.8955623555855187,55,BG
0.8865283438473248,56,BG
0.889407260520297,57,BG
0.8931797699032855,58,BG
0.8964558725545019,59,BG
0.9132333445657286,62,BG
0.8846420891558305,63,BG
0.8904000739838412,64,BG
0.8817630967418253,65,BG
0.8979449412677519,66,BG
0.8981435342568741,69,BG
0.9114463863687954,70,BG
0.898044237762313,71,BG
0.9293159683381274,72,BG
0.9361659873832102,73,BG
0.9325920709893437,77,BG
0.9196862533736003,78,BG
0.9036036296012014,79,BG
0.9161123369797339,80,BG
0.9107514623889343,83,BG
0.9176014814340171,84,BG
0.9350739531661381,85,BG
0.9051920705500458,86,BG
0.9294152648326884,87,BG
0.9311029265350605,90,BG
0.95473041759137,91,BG
0.9462920333384761,92,BG
0.9351731739196659,93,BG
0.9573115962627253,94,BG
0.9283232306156163,98,BG
0.9115456828633565,99,BG
0.9259405691923499,100,BG
0.9335848087118548,101,BG
0.9220688390558335,104,BG
0.9174029641859281,105,BG
0.9114463863687954,106,BG
0.9213739150759724,107,BG
0.9366623183739491,108,BG
0.9641616153078082,111,BG
0.9774644674197295,113,BG
0.9757768057173574,114,BG
1.0025811029303222,115,BG
0.9945398289146393,118,BG
1.0136999623491323,119,BG
0.999305076020139,120,BG
0.9982130418030668,121,BG
0.9894767680664898,122,BG
1.009728935718055,125,BG
1.0223369395911484,126,BG
1.0317680615665532,127,BG
1.0482477198351299,128,BG
1.0408020733047472,129,BG
1.0531122634351906,132,BG
1.0721731003751227,133,BG
1.0796187469055054,134,BG
1.0706839559208394,135,BG
1.075747016768989,136,BG
1.0788245264310832,139,BG
1.076342644254289,140,BG
1.1207187096939357,141,BG
1.1356100027547014,142,BG
1.1387868089113566,143,BG
1.1513948127844502,146,BG
1.132631713846135,147,BG
1.1188324550024416,148,BG
1.113273063163553,149,BG
1.1141665801325362,150,BG
1.0136629238500041,0,PODD
1.0448304080057897,1,PODD
1.0285285063330472,2,PODD
1.043460761592729,3,PODD
1.0325371305688462,4,PODD
1.063303762495666,7,PODD
1.089126414337053,8,PODD
1.05281442203521,9,PODD
1.0405544809865859,10,PODD
1.036145004521821,11,PODD
1.0520460539655978,14,PODD
1.0398864279203568,15,PODD
1.0452646985692164,16,PODD
1.0585602085247159,17,PODD
1.0655085517011191,18,PODD
1.0651076994721536,21,PODD
1.0686821350906672,22,PODD
1.055253075689607,23,PODD
1.0613662760736178,24,PODD
1.0520127175772784,28,PODD
1.0489393472449717,29,PODD
1.0565892837682067,30,PODD
1.0593953513171084,31,PODD
1.065040924749373,32,PODD
1.0732252629471346,35,PODD
1.073325476004376,36,PODD
1.0894939301776994,37,PODD
1.0727910743298494,38,PODD
1.066644333665236,39,PODD
1.0648738350232096,42,PODD
1.0734256890616174,43,PODD
1.057858717124026,44,PODD
1.056388857653724,45,PODD
1.0624352833149542,46,PODD
1.065207912529395,49,PODD
1.0517454147938736,50,PODD
1.0722899070975005,51,PODD
1.0764322846711436,52,PODD
1.09824621033059,53,PODD
1.0655754283700412,56,PODD
1.0680474184127577,57,PODD
1.0785034224848944,58,PODD
1.0732252629471346,59,PODD
1.1031568540277035,60,PODD
1.0716218540312716,63,PODD
1.068548483698965,64,PODD
1.04613327969607,65,PODD
1.0117587738162752,66,PODD
1.0056121350978036,67,PODD
1.0240520512532187,70,PODD
0.9902454873285533,71,PODD
0.9812927810611798,72,PODD
0.9255052017509046,73,PODD
0.9107399342712447,74,PODD
0.9105728445450811,78,PODD
0.9161516432545653,79,PODD
0.9102388689850375,80,PODD
0.9388007117064041,81,PODD
0.9489560766068165,84,PODD
0.9539334950267104,85,PODD
0.931351201297652,86,PODD
0.9398362806132794,87,PODD
0.9456822801600269,88,PODD
0.9490228513295969,91,PODD
0.9403040095111672,92,PODD
0.9473525657448119,93,PODD
0.9591782162300092,94,PODD
0.9503924977426575,95,PODD
0.9644562738216275,99,PODD
0.9656922688429858,100,PODD
0.973475856757923,101,PODD
0.9615834315499453,102,PODD
0.9912810562354287,105,PODD
0.9816936332901456,106,PODD
0.9839318608300598,107,PODD
0.972039435622082,108,PODD
0.9632202788002693,109,PODD
0.9468180621241437,112,PODD
0.9420076314842716,114,PODD
0.9276097778991164,115,PODD
0.930917012680367,116,PODD
0.9538332819694689,119,PODD
0.9437113554035176,120,PODD
0.9536996305777665,121,PODD
0.95456821170462,122,PODD
0.9717387964503577,123,PODD
0.96195084544445,126,PODD
0.9533656550177229,127,PODD
0.9614832184927039,128,PODD
0.9314514143548935,129,PODD
0.9496575680075064,130,PODD
0.934023719400993,133,PODD
0.9411724886918791,134,PODD
0.9382662080857359,135,PODD
0.9272423640046117,136,PODD
0.9371304261216191,137,PODD
0.9245030711784903,140,PODD
0.9050943608389801,141,PODD
0.8977450634874694,142,PODD
0.886186715785677,143,PODD
0.879037946494791,144,PODD
0.871388009971556,147,PODD
0.7961917203217705,148,PODD
0.7672958000942186,149,PODD
0.9914529914529915,0,GEHC
0.997948736207098,1,GEHC
0.9572649572649573,5,GEHC
1.0340171227088342,6,GEHC
1.0085470085470085,7,GEHC
1.0076923207340078,8,GEHC
0.9931623670789931,11,GEHC
1.0256410256410255,12,GEHC
1.1109401344234109,13,GEHC
1.1222222483056223,14,GEHC
1.1186325203659189,15,GEHC
1.0825641338641827,19,GEHC
1.0611966124966614,20,GEHC
1.092991429516393,21,GEHC
1.1413674639840412,22,GEHC
1.188376010992588,25,GEHC
1.1897435636601896,26,GEHC
1.1745298988798745,27,GEHC
1.1832478841145833,28,GEHC
1.1979487492487981,29,GEHC
1.2222222222222223,32,GEHC
1.188376010992588,33,GEHC
1.1967521732688968,34,GEHC
1.2076923337757077,35,GEHC
1.2059829581497061,36,GEHC
1.2283760788094285,39,GEHC
1.2244443974943242,40,GEHC
1.1994871481870995,41,GEHC
1.1694017720018697,42,GEHC
1.1835897070729835,43,GEHC
1.186837612054287,46,GEHC
1.2411965916299412,47,GEHC
1.2362393110226362,48,GEHC
1.2121368147369125,49,GEHC
1.2507691994691505,50,GEHC
1.2388034396701388,54,GEHC
1.2297436314770298,55,GEHC
1.2974359235192976,56,GEHC
1.2822222587389824,57,GEHC
1.2998290754791,60,GEHC
1.2991452991452992,61,GEHC
1.2871795393462875,62,GEHC
1.2827350583850827,63,GEHC
1.3054701324202056,64,GEHC
1.3107692359859109,67,GEHC
1.3034188034188035,68,GEHC
1.3099144829644098,69,GEHC
1.3056409786909053,70,GEHC
1.2815384824051816,71,GEHC
1.3032478267311032,74,GEHC
1.3186324681991186,75,GEHC
1.3121367886535122,76,GEHC
1.3097436366937099,77,GEHC
1.2964101938100963,78,GEHC
1.2854700333032854,81,GEHC
1.3080341306507077,82,GEHC
1.278119600736178,83,GEHC
1.2941880185379941,84,GEHC
1.307008531358507,85,GEHC
1.3056409786909053,88,GEHC
1.3145299406133146,89,GEHC
1.3545298780131543,90,GEHC
1.404102553669204,91,GEHC
1.4022222013555021,92,GEHC
1.3984614967280984,95,GEHC
1.3947007921006944,96,GEHC
1.386666713616787,97,GEHC
1.3702564728565705,98,GEHC
1.3776067750066774,102,GEHC
1.3776067750066774,103,GEHC
1.3974358974358974,104,GEHC
1.4177778195112178,105,GEHC
1.4080342349843082,106,GEHC
1.414017114883814,109,GEHC
1.4300855326856303,110,GEHC
1.4658119658119657,111,GEHC
1.452991452991453,112,GEHC
1.4782906556740785,113,GEHC
1.5006837763338008,116,GEHC
1.3741880237546742,117,GEHC
1.3695726965227697,118,GEHC
1.3935042161207933,119,GEHC
1.3904272878271902,120,GEHC
1.3808546799879808,123,GEHC
1.3411965655465412,124,GEHC
1.3625640869140625,125,GEHC
1.337777814294538,126,GEHC
1.35025637373965,127,GEHC
1.3576068063067575,130,GEHC
1.3054701324202056,131,GEHC
1.2974359235192976,132,GEHC
1.2818803053635817,133,GEHC
1.2806837293836806,134,GEHC
1.2808547060713809,137,GEHC
1.3295726287059295,138,GEHC
1.3726496248163729,139,GEHC
1.3622222639556625,140,GEHC
1.3562392536391559,141,GEHC
1.3517949030949519,144,GEHC
1.3194872212206197,145,GEHC
1.3082051073384082,146,GEHC
1.3651282155615652,147,GEHC
1.3406837659004407,148,GEHC
1.015248356115063,0,STLD
1.0311854217546497,1,STLD
1.0118051837700828,2,STLD
1.0092473664328712,3,STLD
1.012297097700306,7,STLD
0.9826856654224212,8,STLD
0.9681259437763543,9,STLD
0.9611411262337158,10,STLD
0.9362518124971807,14,STLD
0.971077202191111,15,STLD
0.9718642344572573,16,STLD
1.010231194293318,17,STLD
0.9973437848656382,20,STLD
1.0512542942082126,21,STLD
1.0821445976269393,22,STLD
1.08578456556622,23,STLD
1.0970978354060794,24,STLD
1.0840137804951548,28,STLD
1.064633542510588,29,STLD
1.055878014952412,30,STLD
1.062665961845222,31,STLD
1.0594195850945425,34,STLD
1.0627643596423724,35,STLD
1.0861780816992932,36,STLD
1.19468765979791,37,STLD
1.1699950666001475,38,STLD
1.171569056076912,41,STLD
1.1868174872475028,42,STLD
1.2328578240396701,43,STLD
1.2380717814557154,44,STLD
1.260993514526885,45,STLD
1.2150516505873958,48,STLD
1.212001919319961,49,STLD
1.2201672102062908,50,STLD
1.1938022297346134,51,STLD
1.2033447895589355,52,STLD
1.2174126723303067,55,STLD
1.2444662872709802,56,STLD
1.2363993941818006,57,STLD
1.241318233261923,58,STLD
1.22941465169469,59,STLD
1.1980324343457398,63,STLD
1.1848499816376652,64,STLD
1.1707820988662938,65,STLD
1.165764861989021,66,STLD
1.193703831937463,69,STLD
1.240629598792927,70,STLD
1.270240956015284,71,STLD
1.307329044710503,72,STLD
1.3385144664651525,73,STLD
1.2983767215580266,76,STLD
1.28863751625046,77,STLD
1.304574506834519,78,STLD
1.2610919873795632,79,STLD
1.1840629493715187,80,STLD
1.1517953770148,83,STLD
1.144023602261543,84,STLD
1.0009837528049188,85,STLD
1.0454500250647936,86,STLD
1.0222331736577013,87,STLD
1.059222789500242,90,STLD
1.0924741897174077,91,STLD
1.0552877032250385,92,STLD
1.0575504022263271,93,STLD
1.0663059297845028,94,STLD
1.0889326195752773,97,STLD
1.0745696184679832,98,STLD
1.0866699205739887,99,STLD
1.0954254481321644,100,STLD
1.1122478687795199,101,STLD
1.113330019381589,104,STLD
1.0161337861783595,105,STLD
1.0154451517093634,106,STLD
1.0175110551163515,107,STLD
1.045941938995017,111,STLD
1.0625676391035999,112,STLD
1.0484013585350782,113,STLD
1.0349237124355526,114,STLD
1.0276438516125193,115,STLD
1.043187401119033,118,STLD
1.0574520044291769,119,STLD
1.044958186190098,120,STLD
1.0965075987342336,121,STLD
1.0826365115571628,122,STLD
1.0727004355997676,125,STLD
1.02311852866547,126,STLD
1.0050172368772727,127,STLD
1.0267584966047507,128,STLD
1.0226266147352465,129,STLD
1.0273487332765963,132,STLD
1.0146581194432172,133,STLD
1.004033409016826,134,STLD
0.9480570713227914,135,STLD
0.9660599653138383,136,STLD
0.962911911304781,139,STLD
0.9593703411626506,140,STLD
0.9491392219248606,141,STLD
0.9541563837466054,142,STLD
0.9562222871535934,143,STLD
0.9642891802427731,146,STLD
0.9393015437646156,147,STLD
0.9508116091987755,148,STLD
0.962223276835785,149,STLD
1.0274053401670034,0,FSLR
1.0470926612400109,1,FSLR
1.0426450670317837,2,FSLR
1.0143240398335336,3,FSLR
1.0253777545836997,6,FSLR
1.0242003856564388,7,FSLR
1.0599777500526708,8,FSLR
1.0261626006669395,9,FSLR
1.0252469136356928,10,FSLR
0.982536476031106,14,FSLR
0.9560468228953495,15,FSLR
0.9731179238226236,16,FSLR
0.9797239445621614,17,FSLR
0.9545425013016728,21,FSLR
0.9600366234891539,22,FSLR
0.9514030171663124,23,FSLR
1.0255739661045096,24,FSLR
1.0410752750629029,27,FSLR
1.1185165490844677,28,FSLR
1.1276735191993372,29,FSLR
1.169795322241494,30,FSLR
1.1785597695123424,31,FSLR
1.1616195095330755,35,FSLR
1.1614232980122656,36,FSLR
1.0792726480840584,37,FSLR
1.097978911553016,38,FSLR
1.15252800979341,41,FSLR
1.1216561330222292,42,FSLR
1.1005297611259468,43,FSLR
1.1474262108451476,44,FSLR
1.1730656473248615,45,FSLR
1.117012227490791,48,FSLR
1.1616195095330755,49,FSLR
1.1782980876163285,50,FSLR
1.1032114516468843,51,FSLR
1.100071967511524,52,FSLR
1.0953626914072827,55,FSLR
1.0850284521675535,56,FSLR
1.0830008665842499,57,FSLR
1.0722742043029008,58,FSLR
1.0686114561779134,59,FSLR
1.093989110959212,62,FSLR
1.0794688596048683,63,FSLR
1.1273464667305202,64,FSLR
1.0792726480840584,65,FSLR
1.0744980014070142,66,FSLR
1.052979306271513,70,FSLR
1.07011577777159,71,FSLR
1.0830008665842499,72,FSLR
1.0606318549903047,73,FSLR
1.0864674031884272,76,FSLR
1.1062855652094419,77,FSLR
1.279874376721529,78,FSLR
1.2964876840343804,79,FSLR
1.374256010524762,80,FSLR
1.3885800503582957,83,FSLR
1.4015958803165613,84,FSLR
1.4018575622125753,85,FSLR
1.3817123477227438,86,FSLR
1.3586892311911647,87,FSLR
1.3315455729201753,90,FSLR
1.3558113291494172,91,FSLR
1.3291909348680548,92,FSLR
1.351036682472373,93,FSLR
1.3056445543468487,94,FSLR
1.338740228222143,97,FSLR
1.368631047389274,98,FSLR
1.3408986547534536,99,FSLR
1.374779274514389,100,FSLR
1.3807312901186939,101,FSLR
1.374452222045572,104,FSLR
1.373601905587128,105,FSLR
1.4085290533273171,106,FSLR
1.3952515414730375,107,FSLR
1.4225914112648368,108,FSLR
1.36366018919142,111,FSLR
1.3613709217121022,112,FSLR
1.3186604841075156,113,FSLR
1.3376283296700862,114,FSLR
1.3868140468686048,118,FSLR
1.373732746535135,119,FSLR
1.3597357591704184,120,FSLR
1.3817777182955466,121,FSLR
1.3630714548265888,122,FSLR
1.4316829110045022,125,FSLR
1.4355418706502994,126,FSLR
1.427104475848268,127,FSLR
1.4097063224521769,128,FSLR
1.4186016106710324,129,FSLR
1.372882430076691,132,FSLR
1.3770030716185024,133,FSLR
1.3049250788364117,134,FSLR
1.3135587849616543,135,FSLR
1.194191919418743,136,FSLR
1.1828766225749638,139,FSLR
1.1537706494910727,140,FSLR
1.1402315555431801,141,FSLR
1.122310138157462,142,FSLR
1.1681601596998104,143,FSLR
1.1607038225018287,146,FSLR
1.1642357296788088,147,FSLR
1.182157147064527,148,FSLR
1.198181720012547,149,FSLR
1.0268115855395057,0,ACGL
1.0416666522694096,3,ACGL
1.0043477873270368,4,ACGL
1.0184782689069904,5,ACGL
1.0240941666299825,6,ACGL
1.0300724605882001,7,ACGL
1.050905752169488,10,ACGL
1.045652181574888,11,ACGL
1.0427536336545857,12,ACGL
1.0579710275128817,13,ACGL
1.028442023063853,14,ACGL
1.0210144896989009,17,ACGL
1.0182970707893777,18,ACGL
1.0239130376192032,19,ACGL
1.0244564937583744,20,ACGL
1.0447463292004913,21,ACGL
1.0355072293004128,24,ACGL
1.0467390938532304,25,ACGL
1.051630406426272,26,ACGL
1.0639492523642657,28,ACGL
1.051086950287101,31,ACGL
1.0684782378089153,32,ACGL
1.0853260691915585,33,ACGL
1.0826086502820353,34,ACGL
1.0978260441403314,35,ACGL
1.0719202418683889,38,ACGL
1.096739131861989,39,ACGL
1.0896739256254289,40,ACGL
1.097101458990381,41,ACGL
1.0876811609726897,42,ACGL
1.0869565067159057,45,ACGL
1.0851449401807793,46,ACGL
1.0927536025565106,47,ACGL
1.1005434630498545,48,ACGL
1.1056159046336753,49,ACGL
1.096739131861989,52,ACGL
1.127536246706973,53,ACGL
1.1478260821490898,54,ACGL
1.1385869131421777,55,ACGL
1.148188409277482,56,ACGL
1.1525361966045187,60,ACGL
1.1340579276975282,61,ACGL
1.1432970967044402,62,ACGL
1.1373188027462227,63,ACGL
1.1315217069056178,67,ACGL
1.1371376737354435,68,ACGL
1.140217350666525,69,ACGL
1.157608707295173,70,ACGL
1.1353260380934835,73,ACGL
1.1425724424476562,74,ACGL
1.1385869131421777,75,ACGL
1.1425724424476562,76,ACGL
1.155072417396429,77,ACGL
1.1594202738302994,81,ACGL
1.1507246300693923,82,ACGL
1.148369538288261,83,ACGL
1.1315217069056178,84,ACGL
1.1436594238328321,87,ACGL
1.1601449280870835,88,ACGL
1.173913082538645,89,ACGL
1.1730072301642482,90,ACGL
1.1605071861086418,91,ACGL
1.1592391448195203,94,ACGL
1.1657608258100756,95,ACGL
1.1626811488789939,96,ACGL
1.1114130004742802,97,ACGL
1.109782562949933,98,ACGL
1.126086938193405,101,ACGL
1.1480072111598691,102,ACGL
1.1624999507613811,103,ACGL
1.1612318403654258,104,ACGL
1.163405803135778,105,ACGL
1.1820652010535475,108,ACGL
1.2007245989713171,109,ACGL
1.2315217829231349,110,ACGL
1.2155796657012212,111,ACGL
1.228441967778386,112,ACGL
1.2237319224297907,116,ACGL
1.2307971286663508,117,ACGL
1.2387680490636404,118,ACGL
1.2530796596543732,119,ACGL
1.2538043139111572,122,ACGL
1.26811592450189,123,ACGL
1.2856884101413173,124,ACGL
1.284420299745362,125,ACGL
1.2916667040995349,126,ACGL
1.2989129702400406,129,ACGL
1.2860506681628756,130,ACGL
1.2733695642033236,131,ACGL
1.2387680490636404,132,ACGL
1.2067028929295347,133,ACGL
1.1807970906575922,136,ACGL
1.219927453028258,137,ACGL
1.1365942175962722,138,ACGL
1.1969202677834516,139,ACGL
1.1440217509612243,140,ACGL
1.1885869511509364,143,ACGL
1.2175724303539603,144,ACGL
1.1932971347131986,145,ACGL
1.1884057530333236,146,ACGL
1.196558009761893,147,ACGL
0.9903711921453374,0,TRGP
0.9840037460931789,3,TRGP
1.0226743143083081,4,TRGP
1.0069886155071859,5,TRGP
1.0619661112220942,6,TRGP
1.0088523016031563,7,TRGP
1.02624634970377,10,TRGP
1.042708495512769,11,TRGP
1.04239794040707,12,TRGP
1.0214318569109946,13,TRGP
1.0528032545132389,14,TRGP
1.0291970379133162,17,TRGP
1.036185771907761,18,TRGP
1.0453486286166163,19,TRGP
1.0545116038127305,20,TRGP
1.043019169105727,21,TRGP
1.0618108929128742,24,TRGP
1.0638297973180646,25,TRGP
1.0405342543110996,26,TRGP
1.082310966019513,27,TRGP
1.0928716169221608,28,TRGP
1.1079359685373673,31,TRGP
1.1211368710311211,32,TRGP
1.0608789906212595,33,TRGP
1.111818559038528,34,TRGP
1.128125486538307,35,TRGP
1.1167883886277825,38,TRGP
1.1521975950404078,39,TRGP
1.1205156423324643,40,TRGP
1.102189810427495,41,TRGP
1.1233111122327906,42,TRGP
1.0969094257325416,45,TRGP
1.1497126802457804,46,TRGP
1.1397732580417894,47,TRGP
1.1385308006444759,49,TRGP
1.1226898835341337,52,TRGP
1.144898305940264,53,TRGP
1.1553036200464328,54,TRGP
1.16400058485311,55,TRGP
1.167727957045051,56,TRGP
1.118186064334316,59,TRGP
1.081689737320856,60,TRGP
1.0649169179188993,61,TRGP
1.0602577619226028,62,TRGP
1.065693483414035,63,TRGP
1.0936480639300374,66,TRGP
1.1296784990413196,67,TRGP
1.137909571945819,68,TRGP
1.1043640516291642,69,TRGP
1.0886783528280422,70,TRGP
1.072216207019043,73,TRGP
1.0837086417260466,74,TRGP
1.1194285217316298,75,TRGP
1.0981518831298551,76,TRGP
1.1393073661396116,77,TRGP
1.1475384390441112,81,TRGP
1.1174094988391803,82,TRGP
1.1436558485429504,83,TRGP
1.141481607341281,84,TRGP
1.0972200993254995,88,TRGP
1.1031215942318506,89,TRGP
1.101568581728838,90,TRGP
1.135269438841972,91,TRGP
1.1635346929509323,94,TRGP
1.1553036200464328,95,TRGP
1.1593415473440725,96,TRGP
1.171144655644034,97,TRGP
1.170989318847555,98,TRGP
1.1669513915499152,102,TRGP
1.1402391499439675,103,TRGP
1.1627582459430554,104,TRGP
1.1750272461451947,105,TRGP
1.1740953438535802,108,TRGP
1.1661748260547795,109,TRGP
1.1695915246537625,110,TRGP
1.181084077848025,111,TRGP
1.1702127533524194,112,TRGP
1.1467618735489753,115,TRGP
1.1650877054539448,116,TRGP
1.158254426743238,117,TRGP
1.161205114952784,118,TRGP
1.1400839316347473,119,TRGP
1.1264171372388156,122,TRGP
1.1585649818489367,123,TRGP
1.167417283452093,124,TRGP
1.1551482832499538,125,TRGP
1.1919552838563716,126,TRGP
1.1902469345568802,129,TRGP
1.1992545729565154,130,TRGP
1.1880726933552108,131,TRGP
1.1815499697502028,132,TRGP
1.148315004539247,133,TRGP
1.1382202455387769,137,TRGP
1.1734741151549233,138,TRGP
1.187606801453033,139,TRGP
1.1765802586482073,140,TRGP
1.1688150776458857,143,TRGP
1.1507998008466152,144,TRGP
1.184811331552707,145,TRGP
1.1997204648586932,146,TRGP
1.230625852071501,147,TRGP
0.9647232082931257,0,EQT
0.9625184029707166,1,EQT
0.9997550631649204,2,EQT
0.968397821529359,3,EQT
0.9982851617994232,4,EQT
1.022782957181004,7,EQT
1.100195986848733,8,EQT
1.1107300463389467,9,EQT
1.076433095424064,10,EQT
1.0575697817660459,11,EQT
1.0477707196844175,14,EQT
1.0668789701775152,15,EQT
1.0668789701775152,16,EQT
1.0869671549142776,17,EQT
1.0075943502108924,18,EQT
1.0242528585465012,21,EQT
1.0242528585465012,22,EQT
1.0340519206281298,23,EQT
0.9980402249643435,24,EQT
0.9279765152207543,25,EQT
0.9390005418328004,28,EQT
0.9701126597299359,29,EQT
0.9556589567167362,30,EQT
0.9578637620391454,31,EQT
0.9475747328356845,32,EQT
1.0249877625034134,35,EQT
0.9982851617994232,36,EQT
0.9914258089971159,37,EQT
0.9639882108845407,38,EQT
1.006369479132148,39,EQT
1.0823126074343796,42,EQT
1.076433095424064,43,EQT
1.0004899671218324,44,EQT
1.0509554592504915,45,EQT
1.0440960129965111,46,EQT
1.0379715641511158,49,EQT
1.0720234847792456,50,EQT
1.0164135715005291,51,EQT
1.021313055815507,52,EQT
1.0051445146017304,53,EQT
1.0124939279775431,56,EQT
1.072513451901078,57,EQT
1.067124000464268,58,EQT
1.0541401053648924,60,EQT
1.0171484754574414,63,EQT
1.0450759472401758,64,EQT
1.0389514983947805,65,EQT
1.0171484754574414,66,EQT
0.9781969770626606,67,EQT
0.9081332673190715,70,EQT
0.9042136237960855,71,EQT
0.899804013151267,72,EQT
0.8743262835260214,73,EQT
0.8738363164041889,74,EQT
0.9042136237960855,77,EQT
0.9091132015627362,78,EQT
0.9262616770201775,79,EQT
0.9365507062236385,80,EQT
0.9122979411288102,81,EQT
0.8846154061811553,84,EQT
0.8853503101380674,85,EQT
0.8975992078288578,86,EQT
0.8574228383553328,87,EQT
0.8870651483386441,88,EQT
0.8902498879047182,92,EQT
0.8206761452829614,93,EQT
0.8297403034076779,94,EQT
0.8287604626156861,95,EQT
0.7795198415657716,99,EQT
0.8135717621939014,100,EQT
0.7858893206979195,101,EQT
0.8167565017599754,102,EQT
0.849338521022608,105,EQT
0.8339049772174166,106,EQT
0.8182264031254726,107,EQT
0.856442904111668,108,EQT
0.8527682908754347,109,EQT
0.8620773858352309,113,EQT
0.8243508519708678,114,EQT
0.8312102047731751,115,EQT
0.8317001718950074,116,EQT
0.8633023503656484,119,EQT
0.8380695575754823,120,EQT
0.8138167924806541,121,EQT
0.8108769897496598,122,EQT
0.806712409391594,123,EQT
0.7876041588984963,126,EQT
0.8003429302594461,127,EQT
0.7748652473600369,128,EQT
0.780009808687604,129,EQT
0.7658010892353204,130,EQT
0.7344438943255958,133,EQT
0.7511024026612046,134,EQT
0.7302792672416935,135,EQT
0.7471827591382185,136,EQT
0.7758451816037018,137,EQT
0.7560019804278554,140,EQT
0.761391478590502,141,EQT
0.7501225151433764,142,EQT
0.7797648251266878,143,EQT
0.7655561056744042,144,EQT
0.745712904498558,148,EQT
0.7834394850887576,149,EQT
0.9688449960360194,0,PCG
0.9430091178802341,1,PCG
0.9665653810421718,2,PCG
0.9407295028863867,3,PCG
0.9498480353294307,4,PCG
0.9962005933651514,7,PCG
1.078267457820202,8,PCG
1.1208206816887283,9,PCG
1.1117021492456842,10,PCG
1.1344985165871213,11,PCG
1.073708227832507,14,PCG
1.0805471452817035,15,PCG
1.069148925377158,16,PCG
1.0873860627309,17,PCG
1.0509118604910699,18,PCG
1.0759878428263545,21,PCG
1.075227947005854,22,PCG
1.0607902887546143,23,PCG
1.0668693103833105,24,PCG
1.1018237209821395,25,PCG
1.1193008900477273,28,PCG
1.1496960706588615,29,PCG
1.1527355814732094,30,PCG
1.16869303136545,31,PCG
1.1588146031019055,32,PCG
1.1344985165871213,35,PCG
1.1633739055572545,36,PCG
1.1344985165871213,37,PCG
1.155015196467057,38,PCG
1.1633739055572545,39,PCG
1.1451367682035123,42,PCG
1.1344985165871213,43,PCG
1.1079027426108357,44,PCG
1.1253799841440773,45,PCG
1.1215805775092287,46,PCG
1.0987842101677916,49,PCG
1.0972644185267906,50,PCG
1.1193008900477273,51,PCG
1.1079027426108357,52,PCG
1.1413374340363178,53,PCG
1.1390577465748164,56,PCG
1.1489361748383609,57,PCG
1.158054707281405,58,PCG
1.1679331355449496,60,PCG
1.1603343947429066,63,PCG
1.1527355814732094,64,PCG
1.1930091178802342,65,PCG
1.1869300962515381,66,PCG
1.189969607065886,67,PCG
1.164133728910101,70,PCG
1.1724924380002986,71,PCG
1.1831306896166895,72,PCG
1.171732542179798,73,PCG
1.180851074622842,74,PCG
1.216565381042172,77,PCG
1.216565381042172,78,PCG
1.2462005933651514,79,PCG
1.230243215940565,80,PCG
1.2218845068503674,81,PCG
1.2036474419642793,84,PCG
1.2066869527786273,85,PCG
1.2120060785868227,86,PCG
1.2120060785868227,87,PCG
1.2203647152093664,88,PCG
1.250000072467654,92,PCG
1.2279635284790633,93,PCG
1.2416413633774566,94,PCG
1.2355623417487605,95,PCG
1.191489398706887,99,PCG
1.2066869527786273,100,PCG
1.189969607065886,101,PCG
1.2074468485991279,102,PCG
1.2127659744073234,105,PCG
1.2112461827663223,106,PCG
1.1975684203355832,107,PCG
1.2135258702278238,108,PCG
1.2074468485991279,109,PCG
1.2059270569581266,113,PCG
1.1861702004310377,114,PCG
1.173252261353145,115,PCG
1.1892097112453857,116,PCG
1.1952887328740815,119,PCG
1.2028875461437787,120,PCG
1.2158054852216713,121,PCG
1.2044073377847797,122,PCG
1.2203647152093664,123,PCG
1.2044073377847797,126,PCG
1.2082066719519742,127,PCG
1.1884498878925391,128,PCG
1.1876899920720387,129,PCG
1.1816109704433426,130,PCG
1.189969607065886,133,PCG
1.1884498878925391,134,PCG
1.1740121571736455,135,PCG
1.174772052994146,136,PCG
1.180851074622842,137,PCG
1.189969607065886,140,PCG
1.1838905854371902,141,PCG
1.2028875461437787,142,PCG
1.1816109704433426,143,PCG
1.1831306896166895,144,PCG
1.1740121571736455,148,PCG
1.179331355449495,149,PCG
1.0159999593098958,0,CSGP
1.040933329264323,1,CSGP
1.0474666341145833,2,CSGP
1.0455999755859375,3,CSGP
1.04586669921875,6,CSGP
1.0218666585286458,7,CSGP
0.9862666829427084,8,CSGP
0.9665333048502605,9,CSGP
0.9393332926432292,10,CSGP
0.960933329264323,13,CSGP
0.9437333170572917,14,CSGP
0.9286666870117187,15,CSGP
0.9346666463216146,16,CSGP
0.9275999959309896,17,CSGP
0.9278666178385416,20,CSGP
0.9334666951497396,21,CSGP
0.9630667114257813,22,CSGP
0.9425333658854167,23,CSGP
0.9286666870117187,24,CSGP
0.9598666381835937,27,CSGP
0.9835999552408854,28,CSGP
0.9920000203450521,29,CSGP
1.0027999877929688,30,CSGP
0.9796000162760417,31,CSGP
0.9694666544596354,34,CSGP
0.9649333699544271,35,CSGP
0.9526666259765625,36,CSGP
0.9555999755859375,37,CSGP
0.9373333740234375,38,CSGP
0.9610666910807292,41,CSGP
0.9779999796549479,42,CSGP
0.9638666788736979,43,CSGP
0.9409333292643229,44,CSGP
0.9573333740234375,45,CSGP
0.9518666585286458,48,CSGP
0.9933333333333333,49,CSGP
1.0672000122070313,50,CSGP
1.0882667032877604,51,CSGP
1.105066630045573,52,CSGP
1.102933349609375,55,CSGP
1.0825333658854166,56,CSGP
1.0557333374023437,57,CSGP
1.0651999918619792,58,CSGP
1.0662666829427083,59,CSGP
1.0713333129882812,62,CSGP
1.0689333089192707,63,CSGP
1.0637333170572916,64,CSGP
1.1221333821614583,65,CSGP
1.1103999837239584,66,CSGP
1.096133321126302,69,CSGP
1.1027999877929688,70,CSGP
1.0996000162760418,71,CSGP
1.0766666666666667,72,CSGP
1.0773333740234374,73,CSGP
1.07413330078125,76,CSGP
1.059066670735677,77,CSGP
1.0669332885742187,78,CSGP
1.0664000447591147,80,CSGP
1.0498666381835937,83,CSGP
1.0433333333333332,84,CSGP
1.0805333455403645,85,CSGP
1.105999959309896,86,CSGP
1.1127999877929688,87,CSGP
1.0903999837239584,90,CSGP
1.0794666544596354,91,CSGP
1.068800048828125,92,CSGP
1.0985333251953124,93,CSGP
1.075999959309896,94,CSGP
1.0925333658854166,97,CSGP
1.0933333333333333,98,CSGP
1.0834666951497396,99,CSGP
1.0383999633789063,100,CSGP
1.0397333780924478,101,CSGP
1.028800048828125,104,CSGP
1.0226666259765624,105,CSGP
1.0392000325520834,106,CSGP
1.03,107,CSGP
1.0251999918619792,108,CSGP
1.0233333333333334,112,CSGP
1.0140000406901042,113,CSGP
1.0355999755859375,114,CSGP
1.0303999837239584,115,CSGP
1.0353333536783855,119,CSGP
1.04,120,CSGP
0.9986666870117188,121,CSGP
1.0282667032877604,122,CSGP
1.027733357747396,125,CSGP
1.0377333577473957,126,CSGP
1.0766666666666667,127,CSGP
1.0709333292643228,128,CSGP
1.0806667073567708,129,CSGP
1.0616000366210938,133,CSGP
1.0410666910807291,134,CSGP
1.0216000366210938,135,CSGP
1.0469332885742189,136,CSGP
1.05,139,CSGP
1.0483999633789063,140,CSGP
1.0316000366210938,141,CSGP
1.0494666544596354,142,CSGP
1.037066650390625,143,CSGP
1.0386666870117187,146,CSGP
1.0386666870117187,147,CSGP
1.0534666951497396,148,CSGP
0.9994764278176906,0,INVH
1.0178010547537868,1,INVH
1.0175392187320407,2,INVH
1.0353402734858272,3,INVH
1.0499999950069407,6,INVH
1.0185863630966594,7,INVH
1.0002617361605632,8,INVH
0.9738219900516293,9,INVH
0.9649214626747359,10,INVH
0.9615182934203165,13,INVH
0.934554975129073,14,INVH
0.9128271789385575,15,INVH
0.916230348192977,16,INVH
0.9170156565358495,17,INVH
0.8986911294609363,20,INVH
0.8874345771942422,21,INVH
0.9028796070582283,22,INVH
0.8869110050119329,23,INVH
0.8840314079398228,24,INVH
0.9143978954854857,27,INVH
0.9172774925575957,28,INVH
0.8968585768922621,29,INVH
0.8821989552323315,30,INVH
0.8468585818853213,31,INVH
0.8413612237628473,34,INVH
0.8630890199533628,35,INVH
0.8429319403097754,36,INVH
0.8505235871614868,37,INVH
0.8272251243546346,38,INVH
0.8602094228812528,41,INVH
0.8714659751479469,42,INVH
0.85078532332205,43,INVH
0.8518324676866688,44,INVH
0.8664920893465993,45,INVH
0.8607329950635622,48,INVH
0.8890051938799874,49,INVH
0.8808900747071496,50,INVH
0.8128271889246758,51,INVH
0.8379580545084279,52,INVH
0.8295811492444353,55,INVH
0.8285340048798165,56,INVH
0.8235601690090605,57,INVH
0.8209424079586967,58,INVH
0.812303666672958,59,INVH
0.7777486515994116,62,INVH
0.7882198955232331,63,INVH
0.780366462580367,64,INVH
0.845287965199576,65,INVH
0.8371727461655553,66,INVH
0.8193716914117685,69,INVH
0.8290575770621259,70,INVH
0.8162303581790953,71,INVH
0.8057591641858652,72,INVH
0.818586383068896,73,INVH
0.8180628108865866,76,INVH
0.8267015521723252,77,INVH
0.8272251243546346,78,INVH
0.8303664575873079,80,INVH
0.8112565223083392,83,INVH
0.8356020795492186,84,INVH
0.8541884925764694,85,INVH
0.8468585818853213,86,INVH
0.8471204179070674,87,INVH
0.8416230597845934,90,INVH
0.8287957909709712,91,INVH
0.842408368127466,92,INVH
0.8405759154199747,93,INVH
0.8269633382634799,94,INVH
0.8154449999056311,97,INVH
0.8390051988730466,98,INVH
0.8379580545084279,99,INVH
0.8172774526131225,100,INVH
0.7952879202620438,101,INVH
0.7787957959640304,104,INVH
0.7730366517504018,105,INVH
0.7793193681463397,106,INVH
0.7753926766402025,107,INVH
0.7827224874701677,108,INVH
0.778272223781721,112,INVH
0.7620418855748624,113,INVH
0.7861256567245871,114,INVH
0.7759161988919203,115,INVH
0.7659685770809997,119,INVH
0.7780104376905663,120,INVH
0.7484293084183676,121,INVH
0.7785340098728757,122,INVH
0.7801046764892123,125,INVH
0.780366462580367,126,INVH
0.8154449999056311,127,INVH
0.8222512884838785,128,INVH
0.8170156665219678,129,INVH
0.8280104326975072,133,INVH
0.8104711640348751,134,INVH
0.8099476417831573,135,INVH
0.8253926716471434,136,INVH
0.8235601690090605,139,INVH
0.8353402934580639,140,INVH
0.8397906070771021,141,INVH
0.8408376515805379,142,INVH
0.852094203847232,143,INVH
0.8324606963859539,146,INVH
0.85078532332205,147,INVH
0.8554973731016514,148,INVH
0.9852349198104551,0,KDP
0.977449660333211,1,KDP
0.9672482893770973,2,KDP
0.9586576935428901,3,KDP
0.9527517229118603,4,KDP
0.9315436446426699,7,KDP
0.9234899738490981,8,KDP
0.9355704288354656,9,KDP
0.9245637215223889,10,KDP
0.9221476100435193,11,KDP
0.9379865403143351,15,KDP
0.936375867600409,16,KDP
0.9452348747509438,17,KDP
0.9599999549404886,18,KDP
0.9634899165006292,21,KDP
0.9532885455445155,22,KDP
0.957852357185927,23,KDP
0.9500670977086829,24,KDP
0.9683221394583683,25,KDP
0.973422773732435,29,KDP
0.9651006916225356,30,KDP
0.9704698396209103,31,KDP
0.9718121010185088,32,KDP
0.9702013258966024,35,KDP
0.9744966238137059,36,KDP
0.9779865853738465,37,KDP
0.9769127352925755,38,KDP
0.983355733372221,39,KDP
0.9707382509372379,42,KDP
0.979328846771445,43,KDP
0.9747651375380139,44,KDP
0.9739596987730704,45,KDP
0.9779865853738465,46,KDP
0.9868455925243813,49,KDP
0.9951677770422609,50,KDP
0.9962416271235319,51,KDP
1.0335570469798658,52,KDP
1.0400000450595113,53,KDP
1.0445637542929425,56,KDP
1.0351678221017722,57,KDP
1.0496643885670092,58,KDP
1.038389269937605,59,KDP
1.0394631200188758,60,KDP
1.041073792732802,63,KDP
1.049932902291317,64,KDP
1.065771832562133,65,KDP
1.0475167908124476,66,KDP
1.0550335365653838,67,KDP
1.072483241958106,70,KDP
1.0759732035182465,71,KDP
1.0751677647533033,72,KDP
1.0746308397126678,73,KDP
1.0727516532744337,74,KDP
1.059865759523123,77,KDP
1.0601342732474308,78,KDP
1.0633557210832634,79,KDP
1.0655033188378251,80,KDP
1.0367784948156984,81,KDP
1.0416107177734375,84,KDP
1.0314093468173238,85,KDP
1.023355676023752,86,KDP
1.0289933377464346,87,KDP
1.0155705189544884,88,KDP
1.0085905958342072,92,KDP
1.0292617490627622,93,KDP
1.0324831968985948,94,KDP
1.0386576812539325,95,KDP
1.0472482770881397,98,KDP
1.0118120436700397,99,KDP
1.0131544074756187,100,KDP
0.9994630749593645,101,KDP
0.997852299837458,102,KDP
1.0139597438325818,105,KDP
1.004832222957739,106,KDP
0.9975838885211304,107,KDP
0.9962416271235319,108,KDP
0.9954362907665688,109,KDP
1.0008053363569631,112,KDP
0.9656376166631712,113,KDP
0.9817449582503146,114,KDP
0.9696644008559668,115,KDP
0.9616107300623952,116,KDP
0.9897986290438864,119,KDP
1.0002684113163276,120,KDP
1.0051006342740667,121,KDP
0.9970469634804949,122,KDP
0.9798657718120806,123,KDP
0.9924832542470637,126,KDP
1.0080536707935717,127,KDP
1.0123489687106753,128,KDP
1.0238926010643876,129,KDP
1.0021477001625418,130,KDP
1.0136912301082739,133,KDP
1.0300670854197254,134,KDP
1.0142281551489094,135,KDP
1.0008053363569631,136,KDP
1.0099328572318058,137,KDP
1.0319462718579593,140,KDP
1.0348993083774642,141,KDP
1.0405368676921665,142,KDP
1.0230872647074245,143,KDP
1.061744945961357,144,KDP
1.0426845678547085,147,KDP
1.015838930270816,148,KDP
0.9927516655633913,149,KDP
0.982876690542414,0,ON
0.974985107004638,1,ON
0.9501190871627606,2,ON
0.9329957777051746,3,ON
0.8954734382121317,4,ON
0.8348718975198335,7,ON
0.8435080172254361,8,ON
0.8642048503679968,9,ON
0.7960094724448914,10,ON
0.7811196578905157,11,ON
0.7735258774598435,15,ON
0.759529415426644,16,ON
0.7514889587353836,17,ON
0.7887134951213228,18,ON
0.8065812271464657,21,ON
0.7863311270646282,22,ON
0.7611673041156469,23,ON
0.7491065906786889,24,ON
0.6974389159989621,25,ON
0.7042882170619426,29,ON
0.7089040800218476,30,ON
0.7744192299810196,31,ON
0.7961584023985107,32,ON
0.7832042228401067,35,ON
0.7857355208504208,36,ON
0.7814174609976194,37,ON
0.8047944653039785,38,ON
0.8348718975198335,39,ON
0.8181953211229704,42,ON
0.8752232813301591,43,ON
0.8947289588444399,44,ON
0.9108099290270955,45,ON
0.884752753556938,46,ON
0.8835615979286581,49,ON
0.8673316977923833,50,ON
0.9307622828019643,51,ON
0.9612863912784074,52,ON
0.9943417977651646,53,ON
0.9478855922595503,56,ON
0.9766228820933712,57,ON
1.0248659630417427,58,ON
1.0132519258653727,59,ON
1.00699811741633,60,ON
1.0026800575635286,63,ON
0.9392495293540825,64,ON
0.985705678059562,65,ON
0.9880881029163916,66,ON
1.0595592582175026,67,ON
1.0607503570456478,70,ON
1.0528587735078718,71,ON
1.0168254495503475,72,ON
1.0906789161080184,73,ON
1.0799582314528247,74,ON
1.0244192867811546,77,ON
1.060899286999267,78,ON
1.0725133241756368,79,ON
1.142197660834126,80,ON
1.0658129530662757,81,ON
1.0351398578360784,84,ON
1.0269505279913336,85,ON
1.0239724969202968,86,ON
1.015783167075552,87,ON
1.0052114123739775,88,ON
0.9834722967566214,92,ON
1.0029779174707671,93,ON
1.0504764622513119,94,ON
1.06715298184804,95,ON
1.0705776891796652,98,ON
0.9956819401471987,99,ON
1.0209945794495294,100,ON
1.0147408846007564,101,ON
1.0265038517307457,102,ON
1.044669443663127,105,ON
1.019654550667765,106,ON
1.0175698721179043,107,ON
0.9672423398202117,108,ON
0.9426741798855727,109,ON
0.933591383919382,112,ON
0.9572661913328447,113,ON
0.9752828533116069,114,ON
0.9371649076043567,115,ON
0.9280821684383007,116,ON
0.9647110986100326,119,ON
1.026205991823507,120,ON
1.0349910414827288,121,ON
1.0460094724448914,122,ON
0.96530670482424,123,ON
0.9221262198964966,126,ON
0.8854972897247647,127,ON
0.8777545793404732,128,ON
0.9027694723358352,129,ON
0.860184593622299,130,ON
0.8902620258381542,133,ON
0.9042584310712187,134,ON
0.9048540372854261,135,ON
0.9160213982012079,136,ON
0.9779630244754053,137,ON
0.9730493584083966,140,ON
0.9915126966477469,141,ON
1.008636006105333,142,ON
0.9656044511312087,143,ON
1.0047647361133893,144,ON
0.9146813126193086,147,ON
0.9192971755792136,148,ON
0.8950267619515436,149,ON
0.9683677227189652,0,VICI
0.9582214926497917,1,VICI
0.938824251275977,2,VICI
0.915547652697467,3,VICI
0.8934646981112637,4,VICI
0.8534766282901196,7,VICI
0.8394509271786664,8,VICI
0.8734706632006917,9,VICI
0.8582513180969316,10,VICI
0.8597433873170132,11,VICI
0.8910773532078577,15,VICI
0.8737690884284665,16,VICI
0.8707848930695109,17,VICI
0.904804572172744,18,VICI
0.9128618825662862,21,VICI
0.9101761124351054,22,VICI
0.8913757784356325,23,VICI
0.8889884335322266,24,VICI
0.9167412966897738,25,VICI
0.9161445031530165,29,VICI
0.9209191929598284,30,VICI
0.9242017566277665,31,VICI
0.9346464119247146,32,VICI
0.9382274577392197,35,VICI
0.9406148026426256,36,VICI
0.9430021475460316,37,VICI
0.9349448371524894,38,VICI
0.9695614236300643,39,VICI
0.9609072627809725,42,VICI
0.9820949416838514,43,VICI
0.9847807118150321,44,VICI
0.9844823435060496,45,VICI
0.9865712631816808,46,VICI
0.9883617007107449,49,VICI
0.9811997229193193,50,VICI
0.9997016316910174,51,VICI
1.0086541608490918,52,VICI
1.0202924601383467,53,VICI
1.0208893105938963,56,VICI
1.0205909422849138,57,VICI
1.0158162524781018,58,VICI
1.0152194020225525,59,VICI
1.0280514022229066,60,VICI
1.0316323911186194,63,VICI
1.0349150117053496,64,VICI
1.0387944827476294,65,VICI
1.039092851056612,66,VICI
1.0561026906082285,67,VICI
1.0602805299594908,70,VICI
1.0525217017125157,71,VICI
1.044762759627956,72,VICI
1.0468517931411716,73,VICI
1.0331244603387009,74,VICI
1.0125336318913716,77,VICI
1.0053715402623615,78,VICI
1.0143241832580203,79,VICI
1.0253656320917257,80,VICI
1.0038794710422798,81,VICI
1.0005968504555496,84,VICI
0.9874664819462129,85,VICI
0.9844823435060496,86,VICI
0.9880633324017625,87,VICI
0.9749328500548412,88,VICI
0.9898537699308266,92,VICI
0.9997016316910174,93,VICI
0.9973142298688192,94,VICI
1.0062668728644781,95,VICI
1.0158162524781018,98,VICI
0.9889585511662945,99,VICI
0.9913459529884927,100,VICI
0.9880633324017625,101,VICI
0.9973142298688192,102,VICI
1.0008953326021166,105,VICI
0.9841838613594825,106,VICI
0.9555357225186111,107,VICI
0.9397195269593014,108,VICI
0.9215159864965857,109,VICI
0.9098776872073306,112,VICI
0.9146523770141426,113,VICI
0.9215159864965857,114,VICI
0.8770516520964045,115,VICI
0.890778927980083,116,VICI
0.9113698133462046,119,VICI
0.9358401128358138,120,VICI
0.9361385380635885,121,VICI
0.9239033313999917,122,VICI
0.9143539517863678,123,VICI
0.9056998478560683,126,VICI
0.9167412966897738,127,VICI
0.9128618825662862,128,VICI
0.9167412966897738,129,VICI
0.884810537262172,130,VICI
0.9086840432150238,133,VICI
0.9134587330218358,134,VICI
0.8773500773241792,135,VICI
0.886004238173271,136,VICI
0.8967472617792017,137,VICI
0.8919725719723899,140,VICI
0.9173381471453234,141,VICI
0.9149508022419174,142,VICI
0.9247986070833161,143,VICI
0.9588183431053413,144,VICI
0.9555357225186111,147,VICI
0.9758281826569578,148,VICI
0.9552372403720439,149,VICI
